mean_inter_arrival_ms,std_inter_arrival_ms,mean_payload_size,std_payload_size,decrypt_failure_rate,duplicate_payload_count,frame_rate_per_second,chat_frame_fraction,file_frame_fraction,control_frame_fraction,label,session_id
94.7810411453247,21.977963918347232,59.8,15.328405005087777,0.0,0.0,13.188291507406163,1.0,0.0,0.0,normal,a823a9617708
94.9702262878418,22.059246947095502,59.8,15.328405005087777,0.0,0.0,13.162019812519143,1.0,0.0,0.0,normal,a823a9617708
115.31080140007867,38.72775509752846,61.3,16.929559947027567,0.0,0.0,9.63579385122852,1.0,0.0,0.0,normal,a823a9617708
115.38275082906087,38.84164644774228,61.3,16.929559947027567,0.0,0.0,9.62978524196583,1.0,0.0,0.0,normal,a823a9617708
130.73408603668213,47.75775652323784,68.0,20.53290042833696,0.0,0.0,8.195479877588648,1.0,0.0,0.0,normal,a823a9617708
130.76005663190568,47.757709463229766,68.0,20.53290042833696,0.0,0.0,8.193852151996857,1.0,0.0,0.0,normal,a823a9617708
129.5100638740941,46.59231012494601,70.65,21.138294633200665,0.0,0.0,8.127797542982497,1.0,0.0,0.0,normal,a823a9617708
129.54204960873253,46.557578283153426,70.65,21.138294633200665,0.0,0.0,8.125790676670054,1.0,0.0,0.0,normal,a823a9617708
138.86515717757376,42.17990568639401,71.85,23.95260946118397,0.0,0.0,7.580242591749032,1.0,0.0,0.0,normal,a823a9617708
138.87173251101845,42.16227235758975,71.85,23.95260946118397,0.0,0.0,7.57988368053124,1.0,0.0,0.0,normal,a823a9617708
136.35789720635665,40.09491596090764,74.65,22.517271149053563,0.0,0.0,7.719623142577308,1.0,0.0,0.0,normal,a823a9617708
136.37299286691766,40.06178760446465,74.65,22.517271149053563,0.0,0.0,7.718768627264786,1.0,0.0,0.0,normal,a823a9617708
144.56957578659058,16.16559130269604,62.8,16.387800340497197,0.0,0.0,8.64635586843814,1.0,0.0,0.0,mitm,76a4cd9fd8b3
144.7412371635437,16.265659797336525,62.8,16.387800340497197,0.4,0.0,8.636101393741853,1.0,0.0,0.0,mitm,76a4cd9fd8b3
150.8183479309082,28.0671567975866,58.9,18.408965207202712,0.0,0.0,7.367214442768762,1.0,0.0,0.0,mitm,76a4cd9fd8b3
150.89498625861273,28.0264309244064,58.9,18.408965207202712,0.3,0.0,7.3634726948900955,1.0,0.0,0.0,mitm,76a4cd9fd8b3
133.56271811894007,39.18689378780975,59.53333333333333,19.932775911938496,0.0,0.0,8.021913498903523,1.0,0.0,0.0,mitm,76a4cd9fd8b3
133.60614436013358,39.1503292198034,59.53333333333333,19.932775911938496,0.3333333333333333,0.0,8.019306122183648,1.0,0.0,0.0,mitm,76a4cd9fd8b3
141.0982608795166,33.827965672121834,76.0,26.795522013948524,0.0,0.0,8.859074464903372,1.0,0.0,0.0,normal,6beedcafbd2e
141.24399423599243,33.95045590579462,76.0,26.795522013948524,0.0,0.0,8.849933809656237,1.0,0.0,0.0,normal,6beedcafbd2e
150.38190947638617,41.117765128984495,73.8,27.14700720153144,0.0,0.0,7.388595576288942,1.0,0.0,0.0,normal,6beedcafbd2e
150.3979894849989,41.095971774060516,73.8,27.14700720153144,0.0,0.0,7.387805614395771,1.0,0.0,0.0,normal,6beedcafbd2e
140.08721283503942,42.0417517542147,74.73333333333333,26.39057070664108,0.0,0.0,7.6482967270555875,1.0,0.0,0.0,normal,6beedcafbd2e
140.11720248631067,42.043768800089964,74.73333333333333,26.39057070664108,0.0,0.0,7.646659742105891,1.0,0.0,0.0,normal,6beedcafbd2e
138.88810810289885,44.81799851850407,71.55,24.352566599847336,0.0,0.0,7.578989974919228,1.0,0.0,0.0,normal,6beedcafbd2e
138.90931480809263,44.81247061078209,71.55,24.352566599847336,0.0,0.0,7.577832922159399,1.0,0.0,0.0,normal,6beedcafbd2e
133.96566792538292,42.43345203040051,67.15,22.865421491850963,0.0,0.0,7.85747270363083,1.0,0.0,0.0,normal,6beedcafbd2e
133.9774257258365,42.43831721742707,67.15,22.865421491850963,0.0,0.0,7.8567831352530355,1.0,0.0,0.0,normal,6beedcafbd2e
127.69899870219983,42.79128601962011,62.8,20.492925608609426,0.0,0.0,8.243068384601477,1.0,0.0,0.0,normal,6beedcafbd2e
127.73030682613975,42.76438171175803,62.8,20.492925608609426,0.0,0.0,8.241047916530562,1.0,0.0,0.0,normal,6beedcafbd2e
134.85174430044074,46.16549891006998,63.45,21.50226732230813,0.0,0.0,7.805843257037707,1.0,0.0,0.0,normal,6beedcafbd2e
134.8562617050974,46.183983201703,63.45,21.50226732230813,0.0,0.0,7.805581777502144,1.0,0.0,0.0,normal,6beedcafbd2e
140.1834487915039,50.05213724634438,59.4,22.694492724006853,0.0,0.0,8.916887198710143,1.0,0.0,0.0,mitm,fcb53d631ad8
140.25229215621948,50.091729444803846,59.4,22.694492724006853,0.2,0.0,8.912510311116286,1.0,0.0,0.0,mitm,fcb53d631ad8
151.54110060797797,49.78021452041249,64.2,22.12600280213306,0.0,0.0,7.332077612300355,1.0,0.0,0.0,mitm,fcb53d631ad8
151.58700942993164,49.83630672024261,64.2,22.12600280213306,0.1,0.0,7.329857058923655,1.0,0.0,0.0,mitm,fcb53d631ad8
146.58093452453613,46.77299451295572,73.6,23.081883227616704,0.0,0.0,7.309467461808448,1.0,0.0,0.0,mitm,fcb53d631ad8
146.59035205841064,46.828849493401556,73.6,23.081883227616704,0.26666666666666666,0.0,7.308997873213704,1.0,0.0,0.0,mitm,fcb53d631ad8
115.20105600357056,28.903997378624602,50.6,6.829348431585549,0.0,0.0,10.850594980320817,1.0,0.0,0.0,normal,58862509a5c2
115.31645059585571,28.830616765254078,50.6,6.829348431585549,0.0,0.0,10.839737032670367,1.0,0.0,0.0,normal,58862509a5c2
126.24467743767633,36.42432318986968,56.0,14.979986648859203,0.0,0.0,8.801251139159016,1.0,0.0,0.0,normal,58862509a5c2
126.31787194146051,36.45091614364444,56.0,14.979986648859203,0.0,0.0,8.796151281158643,1.0,0.0,0.0,normal,58862509a5c2
129.27351679120744,36.50372143145973,55.93333333333333,19.18147254224474,0.0,0.0,8.288074758258952,1.0,0.0,0.0,normal,58862509a5c2
129.3008668082101,36.58540902567102,55.93333333333333,19.18147254224474,0.0,0.0,8.286321645606632,1.0,0.0,0.0,normal,58862509a5c2
107.7272891998291,26.11232031595825,63.0,24.883729623993265,0.0,0.0,11.60337375315653,1.0,0.0,0.0,normal,90f6bfa6926d
107.79225826263428,26.117146543711545,63.0,24.883729623993265,0.0,0.0,11.596380112515995,1.0,0.0,0.0,normal,90f6bfa6926d
145.7041104634603,45.77681247135326,67.7,23.56289455903073,0.0,0.0,7.625804842271459,1.0,0.0,0.0,normal,90f6bfa6926d
145.74456214904785,45.71916816150977,67.7,23.56289455903073,0.0,0.0,7.62368828536338,1.0,0.0,0.0,normal,90f6bfa6926d
154.53522545950753,39.55981896491357,69.73333333333333,23.06069286807219,0.0,0.0,6.933232007412544,1.0,0.0,0.0,normal,90f6bfa6926d
154.54815115247453,39.49741055779064,69.73333333333333,23.06069286807219,0.0,0.0,6.932652143936154,1.0,0.0,0.0,normal,90f6bfa6926d
150.97321962055406,37.1666188880612,71.8,21.8073382144635,0.0,0.0,6.972306622280308,1.0,0.0,0.0,normal,90f6bfa6926d
150.9861569655569,37.09921173525269,71.8,21.8073382144635,0.0,0.0,6.971709195747632,1.0,0.0,0.0,normal,90f6bfa6926d
146.3850548392848,40.312472822383256,72.95,23.061819095639443,0.0,0.0,7.190840486435215,1.0,0.0,0.0,normal,90f6bfa6926d
146.32484787388853,40.082444564591995,72.95,23.061819095639443,0.0,0.0,7.193799236713296,1.0,0.0,0.0,normal,90f6bfa6926d
104.06047105789185,59.326701362187784,63.2,23.18965286501719,0.0,0.0,12.012246218879683,1.0,0.0,0.0,mitm,8ae4c801f5c8
104.12847995758057,59.30458507935191,63.2,23.18965286501719,0.6,0.0,12.004400722158048,1.0,0.0,0.0,mitm,8ae4c801f5c8
128.46186425950793,50.47993185011985,63.0,19.72815247305231,0.0,0.0,8.64934599475014,1.0,0.0,0.0,mitm,8ae4c801f5c8
128.49810388353137,50.45538184053935,63.0,19.72815247305231,0.4,0.0,8.646906666562213,1.0,0.0,0.0,mitm,8ae4c801f5c8
124.48855808803013,54.21059873778478,65.2,17.026254236717286,0.0,0.0,8.606642954856362,1.0,0.0,0.0,mitm,8ae4c801f5c8
124.53321048191616,54.18064179494731,65.2,17.026254236717286,0.4,0.0,8.603556973134944,1.0,0.0,0.0,mitm,8ae4c801f5c8
126.16388421309621,47.79309089560407,66.1,17.262386856978964,0.0,0.0,8.343366927174092,1.0,0.0,0.0,mitm,8ae4c801f5c8
126.17273079721551,47.77222781231682,66.1,17.262386856978964,0.4,0.0,8.342781933119568,1.0,0.0,0.0,mitm,8ae4c801f5c8
130.67728281021118,30.3465051351452,75.4,23.052982453470094,0.0,0.0,9.565549368021635,1.0,0.0,0.0,replay,dcbad444b36a
130.79625368118286,30.48574876123675,75.4,23.052982453470094,0.0,0.0,9.556848646803655,1.0,0.0,0.0,replay,dcbad444b36a
108.14778010050456,45.24786095845039,71.3,21.396495040076072,0.0,1.0,10.274007567039531,1.0,0.0,0.0,replay,dcbad444b36a
130.89532322353787,41.259304787786895,72.1,20.49121763097547,0.0,0.0,8.488547059955682,1.0,0.0,0.0,replay,dcbad444b36a
117.09094047546387,53.87120640113255,74.93333333333334,20.59277111566635,0.0,2.0,9.150396837516961,1.0,0.0,0.0,replay,dcbad444b36a
133.76763888767786,37.25679288978587,77.26666666666667,18.43716054301445,0.0,0.0,8.00962460231678,1.0,0.0,0.0,replay,dcbad444b36a
118.90427689803273,55.084097714224505,78.75,19.856673941020436,0.0,3.0,8.852764647398349,1.0,0.0,0.0,replay,dcbad444b36a
133.0527757343493,41.27247102173365,76.7,19.61147623204332,0.0,0.0,7.911383833502527,1.0,0.0,0.0,replay,dcbad444b36a
107.78796045403732,57.68048461300885,77.55,18.82412016536231,0.0,3.0,9.765762099156047,1.0,0.0,0.0,replay,dcbad444b36a
151.33118629455566,33.209766985796804,85.0,13.19090595827292,0.0,1.0,8.260029083278061,1.0,0.0,0.0,replay,89a46c3c5a94
156.896710395813,28.670210002380365,88.2,15.509996776273036,0.0,0.0,7.9670249098693535,1.0,0.0,0.0,replay,89a46c3c5a94
118.32208103603787,52.838782946514,72.2,25.281613872535907,0.0,1.0,9.390564308725226,1.0,0.0,0.0,replay,89a46c3c5a94
135.565545823839,41.010432783673004,66.5,27.203860020225072,0.0,0.0,8.19611726828399,1.0,0.0,0.0,replay,89a46c3c5a94
118.5532808303833,60.41099880781487,63.86666666666667,24.703216164882033,0.0,2.0,9.037527801204313,1.0,0.0,0.0,replay,89a46c3c5a94
143.12619822365897,45.05341744479296,64.86666666666666,22.969158065158204,0.0,0.0,7.4859011468625924,1.0,0.0,0.0,replay,89a46c3c5a94
116.91099718997353,59.80132143465631,65.6,22.839439572809138,0.0,3.0,9.003700286953363,1.0,0.0,0.0,replay,89a46c3c5a94
134.4500466396934,42.37255813095184,69.95,22.69245469313534,0.0,0.0,7.829164847880404,1.0,0.0,0.0,replay,89a46c3c5a94
110.35353259036415,58.63294825736684,62.95,22.522155758275005,0.0,3.0,9.538721183079572,1.0,0.0,0.0,replay,89a46c3c5a94
133.16215966877184,41.967198113918926,61.45,20.86737884833646,0.0,0.0,7.904885153302477,1.0,0.0,0.0,replay,89a46c3c5a94
107.17747085972836,59.233656629720045,61.65,20.038151112315727,0.0,3.0,9.821388492410225,1.0,0.0,0.0,replay,89a46c3c5a94
133.06552171707153,35.65654386764866,62.0,16.13691420315545,0.0,0.0,9.393868403099887,1.0,0.0,0.0,normal,055c8bf69632
133.1549882888794,35.76064858024431,62.0,16.13691420315545,0.0,0.0,9.387556681602707,1.0,0.0,0.0,normal,055c8bf69632
127.12423006693523,42.918035976005925,73.1,19.09162119884008,0.0,0.0,8.740356661559117,1.0,0.0,0.0,normal,055c8bf69632
127.1707746717665,42.984764206210535,73.1,19.09162119884008,0.0,0.0,8.737157684058614,1.0,0.0,0.0,normal,055c8bf69632
127.0780052457537,39.04117215052588,72.8,19.76933652570735,0.0,0.0,8.431266837691986,1.0,0.0,0.0,normal,055c8bf69632
127.11157117571149,39.091315883018744,72.8,19.76933652570735,0.0,0.0,8.429040421091894,1.0,0.0,0.0,normal,055c8bf69632
135.91926976254112,38.48035252322644,73.0,21.3915871313935,0.0,0.0,7.744535272933537,1.0,0.0,0.0,normal,055c8bf69632
135.9326212029708,38.47936984560877,73.0,21.3915871313935,0.0,0.0,7.743774596795336,1.0,0.0,0.0,normal,055c8bf69632
137.080895273309,37.5338170775016,77.95,20.470649721002996,0.0,0.0,7.678907967799989,1.0,0.0,0.0,normal,055c8bf69632
137.09979308278938,37.47289341511912,77.95,20.470649721002996,0.0,0.0,7.677849508581855,1.0,0.0,0.0,normal,055c8bf69632
103.5841703414917,31.0101779225069,74.2,28.67333255831976,0.0,0.0,12.067480927626832,1.0,0.0,0.0,normal,f4b61b43e23e
103.64747047424316,30.99907589084872,74.2,28.67333255831976,0.0,0.0,12.060111011687741,1.0,0.0,0.0,normal,f4b61b43e23e
108.64098866780598,32.960919881468314,72.7,22.685017081765665,0.0,0.0,10.227365607916003,1.0,0.0,0.0,normal,f4b61b43e23e
108.67166519165039,32.9813279568128,72.7,22.685017081765665,0.0,0.0,10.224478562572735,1.0,0.0,0.0,normal,f4b61b43e23e
118.17998545510429,38.10544570254393,70.86666666666666,23.988515770861873,0.0,0.0,9.066074659787459,1.0,0.0,0.0,normal,f4b61b43e23e
118.2013579777309,38.13408646678916,70.86666666666666,23.988515770861873,0.0,0.0,9.064435381786632,1.0,0.0,0.0,normal,f4b61b43e23e
122.69656281722219,34.743091788680104,68.15,25.546575112918756,0.0,0.0,8.57914480062042,1.0,0.0,0.0,normal,f4b61b43e23e
122.70800690901906,34.76375405520936,68.15,25.546575112918756,0.0,0.0,8.578344685590356,1.0,0.0,0.0,normal,f4b61b43e23e
112.12652921676636,23.48735524296961,70.0,25.353500744473138,0.0,0.0,11.148119974207555,1.0,0.0,0.0,mitm,b40c799900bb
112.23649978637695,23.512747006646205,70.0,25.353500744473138,0.4,0.0,11.13719692238409,1.0,0.0,0.0,mitm,b40c799900bb
135.61799791124133,30.482899298093788,65.7,18.847015678881366,0.0,0.0,8.192947309532665,1.0,0.0,0.0,mitm,b40c799900bb
135.65921783447266,30.44841921519104,65.7,18.847015678881366,0.3,0.0,8.190457890350332,1.0,0.0,0.0,mitm,b40c799900bb
132.60628495897566,36.26304457157934,69.8,21.027600909281116,0.0,0.0,8.079772174901354,1.0,0.0,0.0,mitm,b40c799900bb
132.62850897652763,36.205439813124194,69.8,21.027600909281116,0.4666666666666667,0.0,8.078418280478378,1.0,0.0,0.0,mitm,b40c799900bb
141.01162709687887,39.196034479143,69.65,21.218564984465843,0.0,0.0,7.4648566264977685,1.0,0.0,0.0,mitm,b40c799900bb
141.02914458826967,39.16400677183722,69.65,21.218564984465843,0.5,0.0,7.463929402823044,1.0,0.0,0.0,mitm,b40c799900bb
144.0424166227642,38.5843666258698,69.3,20.007748499019073,0.0,0.0,7.307788939032647,1.0,0.0,0.0,mitm,b40c799900bb
144.07963501779656,38.52980687223627,69.3,20.007748499019073,0.45,0.0,7.305901203992836,1.0,0.0,0.0,mitm,b40c799900bb
95.37076950073242,33.76272703663169,60.4,19.825236442474022,0.0,0.0,13.106741264055758,1.0,0.0,0.0,replay,cce4e73bc6f3
95.51626443862915,33.907970527990315,60.4,19.825236442474022,0.0,0.0,13.086776449503494,1.0,0.0,0.0,replay,cce4e73bc6f3
92.36078792148166,40.9272224049613,57.0,19.86957473123167,0.0,1.0,12.030117283708059,1.0,0.0,0.0,replay,cce4e73bc6f3
107.30690426296658,27.32238354044122,58.3,19.126160095534075,0.0,0.0,10.354516503320413,1.0,0.0,0.0,replay,cce4e73bc6f3
90.19315242767334,39.81548191380814,56.2,18.755265927200284,0.0,2.0,11.879267356662792,1.0,0.0,0.0,replay,cce4e73bc6f3
114.87715584891183,32.70899957294555,63.733333333333334,21.702432019374132,0.0,0.0,9.326733095984117,1.0,0.0,0.0,replay,cce4e73bc6f3
103.26573723240902,47.36870108984814,65.2,23.318662054243163,0.0,3.0,10.193425304061156,1.0,0.0,0.0,replay,cce4e73bc6f3
127.09011529621326,39.20636448814797,67.5,23.71391996275605,0.0,0.0,8.282560579113209,1.0,0.0,0.0,replay,cce4e73bc6f3
133.6684728923597,122.98806985704874,71.25,26.19899807244544,0.0,5.0,7.874942805660911,1.0,0.0,0.0,replay,cce4e73bc6f3
98.90496730804443,23.196255247452456,67.6,25.69513572643663,0.0,0.0,12.638394552083648,1.0,0.0,0.0,normal,6a43877d3084
98.9764928817749,23.18297300029647,67.6,25.69513572643663,0.0,0.0,12.629261389298726,1.0,0.0,0.0,normal,6a43877d3084
112.13000615437825,34.309002863678685,60.9,24.275296084703065,0.0,0.0,9.90913270424115,1.0,0.0,0.0,normal,6a43877d3084
112.1567620171441,34.32125413456632,60.9,24.275296084703065,0.0,0.0,9.906768804017974,1.0,0.0,0.0,normal,6a43877d3084
125.84171976361957,37.12734480565958,58.666666666666664,22.05347037442306,0.0,0.0,8.514096703709528,1.0,0.0,0.0,normal,6a43877d3084
125.87513242449079,37.12717302649587,58.666666666666664,22.05347037442306,0.0,0.0,8.511836697143444,1.0,0.0,0.0,normal,6a43877d3084
118.63626931843005,39.68717125667256,59.4,21.077001684300356,0.0,0.0,8.872763658152582,1.0,0.0,0.0,normal,6a43877d3084
118.67809295654297,39.7059857826107,59.4,21.077001684300356,0.0,0.0,8.86963678572773,1.0,0.0,0.0,normal,6a43877d3084
124.94589153089021,38.072158204156594,59.6,21.053265779921176,0.0,0.0,8.424699412282218,1.0,0.0,0.0,normal,6a43877d3084
124.97963403400622,38.13634525920761,59.6,21.053265779921176,0.0,0.0,8.422424878128172,1.0,0.0,0.0,normal,6a43877d3084
122.36836082056949,38.785499090065144,59.1,20.14422994308792,0.0,0.0,8.602154771778446,1.0,0.0,0.0,normal,6a43877d3084
122.37335506238435,38.86093951255781,59.1,20.14422994308792,0.0,0.0,8.601803704824064,1.0,0.0,0.0,normal,6a43877d3084
146.23546600341797,48.671208856862094,83.4,13.184839779079608,0.0,0.0,8.547858013942964,1.0,0.0,0.0,normal,806afdd8cede
146.32052183151245,48.749651546267984,83.4,13.184839779079608,0.0,0.0,8.542889161093688,1.0,0.0,0.0,normal,806afdd8cede
132.98922114902072,42.66746256272312,69.8,20.88923167567443,0.0,0.0,8.354895994661542,1.0,0.0,0.0,normal,806afdd8cede
133.01298353407117,42.74279290992177,69.8,20.88923167567443,0.0,0.0,8.353403416640909,1.0,0.0,0.0,normal,806afdd8cede
124.69043050493512,47.17170517066912,69.53333333333333,24.116015886174527,0.0,0.0,8.592708895861621,1.0,0.0,0.0,normal,806afdd8cede
124.71163272857666,47.2611643075946,69.53333333333333,24.116015886174527,0.0,0.0,8.5912480494938,1.0,0.0,0.0,normal,806afdd8cede
125.27336572345935,46.060945539623006,69.15,23.147948073209427,0.0,0.0,8.40267660143378,1.0,0.0,0.0,normal,806afdd8cede
125.31215266177529,46.15879130048557,69.15,23.147948073209427,0.0,0.0,8.40007578345958,1.0,0.0,0.0,normal,806afdd8cede
118.58332784552323,42.35147510241484,66.35,22.733840414676973,0.0,0.0,8.876724899461552,1.0,0.0,0.0,normal,806afdd8cede
118.58430661653217,42.44124760527755,66.35,22.733840414676973,0.0,0.0,8.876651632760131,1.0,0.0,0.0,normal,806afdd8cede
121.30267996537059,41.790764981930764,66.8,23.882210952924773,0.0,0.0,8.677727311942927,1.0,0.0,0.0,normal,806afdd8cede
121.30542805320339,41.8859108534971,66.8,23.882210952924773,0.0,0.0,8.677530724228552,1.0,0.0,0.0,normal,806afdd8cede
133.38875770568848,45.268913661965705,74.4,23.954957733212556,0.0,0.0,9.37110459307241,1.0,0.0,0.0,mitm,affaf1121c4e
133.55380296707153,45.17166066316163,74.4,23.954957733212556,0.4,0.0,9.359523819087315,1.0,0.0,0.0,mitm,affaf1121c4e
134.9494457244873,49.454820506031105,76.8,19.554027718094297,0.0,0.0,8.233535937446938,1.0,0.0,0.0,mitm,affaf1121c4e
135.0185341305203,49.54802140998558,76.8,19.554027718094297,0.2,0.0,8.229322872347417,1.0,0.0,0.0,mitm,affaf1121c4e
154.4802188873291,48.62352726481477,80.0,18.029605283163207,0.0,0.0,6.93570075926694,1.0,0.0,0.0,mitm,affaf1121c4e
154.5008591243199,48.64314611366766,80.0,18.029605283163207,0.2,0.0,6.934774198028511,1.0,0.0,0.0,mitm,affaf1121c4e
149.246893431011,47.34463675997593,79.65,18.281889946064112,0.0,0.0,7.052954703100368,1.0,0.0,0.0,mitm,affaf1121c4e
149.26452385751824,47.39133058345112,79.65,18.281889946064112,0.25,0.0,7.0521216411219525,1.0,0.0,0.0,mitm,affaf1121c4e
153.8528894123278,42.89282079912692,79.5,17.124543789543708,0.0,0.0,6.841805720829211,1.0,0.0,0.0,mitm,affaf1121c4e
153.86120896590384,42.92803243499187,79.5,17.124543789543708,0.2,0.0,6.841435772031631,1.0,0.0,0.0,mitm,affaf1121c4e
149.72363020244399,39.37369967109612,78.25,17.82659530028098,0.0,0.0,7.030497307098997,1.0,0.0,0.0,mitm,affaf1121c4e
149.75978198804353,39.49031797269256,78.25,17.82659530028098,0.2,0.0,7.028800155647983,1.0,0.0,0.0,mitm,affaf1121c4e
147.22919464111328,38.72521479855686,56.8,14.455448799674121,0.0,0.0,8.490163945045051,1.0,0.0,0.0,replay,54c22accbebb
147.2657322883606,38.727094538361136,56.8,14.455448799674121,0.0,0.0,8.48805747661906,1.0,0.0,0.0,replay,54c22accbebb
118.05786026848688,51.642839594935396,52.5,13.170041761513135,0.0,1.0,9.4115809704176,1.0,0.0,0.0,replay,54c22accbebb
131.46199120415582,34.52917775631248,59.0,20.104725812604357,0.0,0.0,8.451957108922798,1.0,0.0,0.0,replay,54c22accbebb
113.60320023127964,51.648470735590195,57.53333333333333,18.639980925121378,0.0,2.0,9.431323846927711,1.0,0.0,0.0,replay,54c22accbebb
136.41371045793807,39.428064279603745,57.8,18.137254478007414,0.0,0.0,7.854258694612202,1.0,0.0,0.0,replay,54c22accbebb
118.67703889545642,49.41771907075048,58.75,19.172571554176034,0.0,3.0,8.869715563721137,1.0,0.0,0.0,replay,54c22accbebb
134.41310430827895,42.439119929223004,60.85,18.585679971418855,0.0,0.0,7.8313166291668885,1.0,0.0,0.0,replay,54c22accbebb
109.17052469755474,46.59996831093218,59.75,19.320649575001354,0.0,3.0,9.642085918919705,1.0,0.0,0.0,replay,54c22accbebb
133.4789050252814,40.04717351532277,60.6,21.597222043586996,0.0,0.0,7.886126865874394,1.0,0.0,0.0,replay,54c22accbebb
106.77790641784668,54.13710242376827,64.7,23.689871253343696,0.0,3.0,9.858140267595969,1.0,0.0,0.0,replay,54c22accbebb
103.31567965055767,49.87265550191564,66.0,22.720035211240322,0.0,3.0,10.188497839898657,1.0,0.0,0.0,replay,54c22accbebb
124.00411304674651,39.87550979706637,61.8,20.444070044880984,0.0,0.0,8.488682779018404,1.0,0.0,0.0,replay,54c22accbebb
95.76278924942017,18.130652402354123,67.4,27.58695343817436,0.0,0.0,13.053086797046992,1.0,0.0,0.0,replay,405b725e3f00
95.80576419830322,18.111335081653618,67.4,27.58695343817436,0.0,0.0,13.04723166147594,1.0,0.0,0.0,replay,405b725e3f00
112.24545372856988,38.29077582172276,68.9,28.268179990936805,0.0,1.0,9.898940885374136,1.0,0.0,0.0,replay,405b725e3f00
125.17378065321181,34.70902887539585,70.4,27.122684232944202,0.0,0.0,8.876548309980294,1.0,0.0,0.0,replay,405b725e3f00
104.26664352416992,33.74601409592132,71.8,26.683827811366694,0.0,2.0,10.275851750998438,1.0,0.0,0.0,replay,405b725e3f00
125.50750800541469,38.52253564578091,69.8,24.315153025771124,0.0,0.0,8.536768743606538,1.0,0.0,0.0,replay,405b725e3f00
99.18773801703202,42.952355208487596,67.05,24.932859843989018,0.0,3.0,10.6125172323883,1.0,0.0,0.0,replay,405b725e3f00
118.24463543139007,41.969075630836244,64.7,23.276812496559746,0.0,0.0,8.902150825761092,1.0,0.0,0.0,replay,405b725e3f00
100.21505857768811,47.57128551814923,62.35,22.79314589959008,0.0,3.0,10.503726624391021,1.0,0.0,0.0,replay,405b725e3f00
89.5959734916687,28.613917195745895,64.2,17.37124060048677,0.0,0.0,13.951519820432939,1.0,0.0,0.0,normal,a05af3314bf2
89.6713137626648,28.581812199701254,64.2,17.37124060048677,0.0,0.0,13.939797997254784,1.0,0.0,0.0,normal,a05af3314bf2
127.80621316697862,46.046411840011125,66.0,16.431676725154983,0.0,0.0,8.693717492900335,1.0,0.0,0.0,normal,a05af3314bf2
127.85567177666559,45.94790495964771,66.0,16.431676725154983,0.0,0.0,8.690354488551485,1.0,0.0,0.0,normal,a05af3314bf2
128.06727205004012,51.37646821210715,65.73333333333333,18.36470043921823,0.0,0.0,8.366138782201348,1.0,0.0,0.0,normal,a05af3314bf2
128.11458110809326,51.228081818288295,65.73333333333333,18.36470043921823,0.0,0.0,8.363049405942187,1.0,0.0,0.0,normal,a05af3314bf2
130.8671047813014,51.96624927962977,69.35,20.197215154570195,0.0,0.0,8.043515448030076,1.0,0.0,0.0,normal,a05af3314bf2
130.88726997375488,51.86092669536215,69.35,20.197215154570195,0.0,0.0,8.04227622104456,1.0,0.0,0.0,normal,a05af3314bf2
143.03893792001824,51.301117237498865,67.0,21.281447319202705,0.0,0.0,7.359056172075038,1.0,0.0,0.0,normal,a05af3314bf2
143.0576851493434,51.23193131944531,67.0,21.281447319202705,0.0,0.0,7.35809179247159,1.0,0.0,0.0,normal,a05af3314bf2
132.29568381058542,52.012049889289266,66.75,22.728561327105595,0.0,0.0,7.956658513927601,1.0,0.0,0.0,normal,a05af3314bf2
132.33068114832827,51.98552640042266,66.75,22.728561327105595,0.0,0.0,7.954554225920465,1.0,0.0,0.0,normal,a05af3314bf2
132.8442096710205,36.019928347283084,79.6,22.5619148123558,0.0,0.0,9.40951813478012,1.0,0.0,0.0,normal,addd66a37a3e
132.9861879348755,36.164811658011836,79.6,22.5619148123558,0.0,0.0,9.399472376876734,1.0,0.0,0.0,normal,addd66a37a3e
108.570310804579,35.215390599770274,78.9,22.95844071360248,0.0,0.0,10.234023490188347,1.0,0.0,0.0,normal,addd66a37a3e
108.5975170135498,35.32879051879209,78.9,22.95844071360248,0.0,0.0,10.231459628791299,1.0,0.0,0.0,normal,addd66a37a3e
114.44505623408726,38.20731036652223,76.06666666666666,24.807167423056498,0.0,0.0,9.361947179588595,1.0,0.0,0.0,normal,addd66a37a3e
114.47220189230782,38.25400553770907,76.06666666666666,24.807167423056498,0.0,0.0,9.359727110312255,1.0,0.0,0.0,normal,addd66a37a3e
120.72973502309699,45.0873371808732,75.95,23.232466507024174,0.0,0.0,8.71890904710416,1.0,0.0,0.0,normal,addd66a37a3e
120.74772935164602,45.093844955642574,75.95,23.232466507024174,0.0,0.0,8.717609719035424,1.0,0.0,0.0,normal,addd66a37a3e
117.94883326480263,45.33727483965067,74.3,20.782444514541595,0.0,0.0,8.924476400577388,1.0,0.0,0.0,normal,addd66a37a3e
117.96011422809802,45.31940726455731,74.3,20.782444514541595,0.0,0.0,8.923622919793955,1.0,0.0,0.0,normal,addd66a37a3e
123.85542769181102,45.77440799893999,72.85,18.512900907205225,0.0,0.0,8.498873231188766,1.0,0.0,0.0,normal,addd66a37a3e
123.86079838401393,45.77504458199419,72.85,18.512900907205225,0.0,0.0,8.498504714008256,1.0,0.0,0.0,normal,addd66a37a3e
112.0525598526001,30.258920407756136,76.0,19.068298298484844,0.0,0.0,11.155479193374221,1.0,0.0,0.0,replay,e1e8f18f506c
112.1942400932312,30.241436049142592,76.0,19.068298298484844,0.0,0.0,11.141391919596538,1.0,0.0,0.0,replay,e1e8f18f506c
95.30780050489638,33.350560771172155,77.5,20.538987316808004,0.0,1.0,11.658134016575364,1.0,0.0,0.0,replay,e1e8f18f506c
106.5378983815511,29.622260570573797,73.3,19.575750304905302,0.0,0.0,10.429256893465428,1.0,0.0,0.0,replay,e1e8f18f506c
93.47730023520333,36.958993187425946,77.33333333333333,20.930573066423406,0.0,2.0,11.461911808885061,1.0,0.0,0.0,replay,e1e8f18f506c
111.01879392351422,28.240839772464813,79.8,18.942720677523244,0.0,0.0,9.650875618111344,1.0,0.0,0.0,replay,e1e8f18f506c
97.69343074999358,37.68992758193289,76.1,21.262408142070832,0.0,3.0,10.77484505218318,1.0,0.0,0.0,replay,e1e8f18f506c
119.71884024770637,38.25679396942689,75.65,20.737104426606912,0.0,0.0,8.792530705855508,1.0,0.0,0.0,replay,e1e8f18f506c
98.43346947117855,47.965911032432714,74.3,21.24405799276588,0.0,3.0,10.693838026867276,1.0,0.0,0.0,replay,e1e8f18f506c
120.46035967375103,42.42305129191745,70.8,21.892007674034833,0.0,0.0,8.7384064085336,1.0,0.0,0.0,replay,e1e8f18f506c
108.47977588051243,50.60336272480659,68.7,21.137880688470165,0.0,3.0,9.703482242688388,1.0,0.0,0.0,replay,e1e8f18f506c
136.12931966781616,37.757555952399294,63.8,22.049036260118037,0.0,0.0,9.182445068044562,1.0,0.0,0.0,mitm,8bdc5b17f762
136.19452714920044,37.70970020111782,63.8,22.049036260118037,0.6,0.0,9.178048679082611,1.0,0.0,0.0,mitm,8bdc5b17f762
110.96101337009006,38.54438545312121,62.7,18.53672031401456,0.0,0.0,10.013527070135925,1.0,0.0,0.0,mitm,8bdc5b17f762
111.03521453009711,38.45759874933277,62.7,18.53672031401456,0.5,0.0,10.006835361316245,1.0,0.0,0.0,mitm,8bdc5b17f762
107.83565044403076,36.00433202317035,64.33333333333333,23.170862929310356,0.0,0.0,9.935754706507456,1.0,0.0,0.0,mitm,8bdc5b17f762
107.88656984056745,35.980539134971586,64.33333333333333,23.170862929310356,0.3333333333333333,0.0,9.931065312502811,1.0,0.0,0.0,mitm,8bdc5b17f762
108.76905290704025,33.65594076064291,68.4,24.918667701143253,0.0,0.0,9.677675320451698,1.0,0.0,0.0,mitm,8bdc5b17f762
108.8092703568308,33.66256147978912,68.4,24.918667701143253,0.35,0.0,9.674098314374797,1.0,0.0,0.0,mitm,8bdc5b17f762
110.37253078661467,33.70557928229387,66.0,24.606909598728564,0.0,0.0,9.537079302661287,1.0,0.0,0.0,mitm,8bdc5b17f762
110.39494213305022,33.67879704354162,66.0,24.606909598728564,0.25,0.0,9.535143174210967,1.0,0.0,0.0,mitm,8bdc5b17f762
147.8337049484253,31.874423198338402,69.0,15.17893276880822,0.0,0.0,8.45544661439749,1.0,0.0,0.0,normal,63ff256a8792
147.87906408309937,31.83224036860719,69.0,15.17893276880822,0.0,0.0,8.4528530644309,1.0,0.0,0.0,normal,63ff256a8792
140.61533080206976,35.463648240549894,71.0,20.29778313018444,0.0,0.0,7.9017778841989275,1.0,0.0,0.0,normal,63ff256a8792
140.69514804416232,35.39173185933389,71.0,20.29778313018444,0.0,0.0,7.897295155923559,1.0,0.0,0.0,normal,63ff256a8792
141.78899356297083,37.77857918796761,76.4,19.942584252465043,0.0,0.0,7.556500293182011,1.0,0.0,0.0,normal,63ff256a8792
141.8182338987078,37.8379985526524,76.4,19.942584252465043,0.0,0.0,7.55494228050977,1.0,0.0,0.0,normal,63ff256a8792
145.6649428919742,38.44635721863841,74.8,20.944211610848473,0.0,0.0,7.226389260510024,1.0,0.0,0.0,normal,63ff256a8792
145.7064904664692,38.46357625186911,74.8,20.944211610848473,0.0,0.0,7.224328686920133,1.0,0.0,0.0,normal,63ff256a8792
86.24428510665894,19.300384755428816,68.0,24.698178070456937,0.0,0.0,14.493713971356083,1.0,0.0,0.0,normal,8af49ddb8fcc
86.31294965744019,19.29890960345402,68.0,24.698178070456937,0.0,0.0,14.482183785411276,1.0,0.0,0.0,normal,8af49ddb8fcc
106.66855176289876,47.8109609266148,66.8,22.20270253820467,0.0,0.0,10.4164825784911,1.0,0.0,0.0,normal,8af49ddb8fcc
106.75999853346083,47.7623842249447,66.8,22.20270253820467,0.0,0.0,10.407560194587916,1.0,0.0,0.0,normal,8af49ddb8fcc
123.35658073425293,48.11004144368194,67.6,18.796453566209415,0.0,0.0,8.685621513267701,1.0,0.0,0.0,normal,8af49ddb8fcc
123.38057586124965,48.06763197167248,67.6,18.796453566209415,0.0,0.0,8.683932328484753,1.0,0.0,0.0,normal,8af49ddb8fcc
123.73899158678557,46.20968056299777,69.8,17.252825855493935,0.0,0.0,8.506870513884015,1.0,0.0,0.0,normal,8af49ddb8fcc
123.76120215968082,46.18747243524547,69.8,17.252825855493935,0.0,0.0,8.505343844262503,1.0,0.0,0.0,normal,8af49ddb8fcc
141.27204292698912,39.802117565619014,70.5,17.599715906798043,0.0,0.0,7.451096176837901,1.0,0.0,0.0,normal,8af49ddb8fcc
141.30769277873793,39.75407015779896,70.5,17.599715906798043,0.0,0.0,7.449216374904638,1.0,0.0,0.0,normal,8af49ddb8fcc
145.7803249359131,41.42191850982067,69.65,20.332916662397455,0.0,0.0,7.220669726248167,1.0,0.0,0.0,normal,8af49ddb8fcc
145.81616301285592,41.490767830444014,69.65,20.332916662397455,0.0,0.0,7.2188950607249405,1.0,0.0,0.0,normal,8af49ddb8fcc
146.1009979248047,44.39789608783028,73.4,25.554647326856227,0.0,0.0,8.55572527056489,1.0,0.0,0.0,normal,052e3e474fc1
146.1687684059143,44.30613131852176,73.4,25.554647326856227,0.0,0.0,8.551758447664545,1.0,0.0,0.0,normal,052e3e474fc1
138.8772063785129,40.45488406709385,75.9,19.75575865412412,0.0,0.0,8.000672969203839,1.0,0.0,0.0,normal,052e3e474fc1
138.91257180107965,40.46020633899396,75.9,19.75575865412412,0.0,0.0,7.998636096826446,1.0,0.0,0.0,normal,052e3e474fc1
146.8033449990409,35.89036064064694,77.8,18.265450081141353,0.0,0.0,7.298393448974691,1.0,0.0,0.0,normal,052e3e474fc1
146.85215268816268,35.901522313806844,77.8,18.265450081141353,0.0,0.0,7.295967759517469,1.0,0.0,0.0,normal,052e3e474fc1
143.44099948280737,36.78576754196339,76.55,18.908926463445777,0.0,0.0,7.338428920202381,1.0,0.0,0.0,normal,052e3e474fc1
143.48948629278885,36.78700076698059,76.55,18.908926463445777,0.0,0.0,7.33594917748527,1.0,0.0,0.0,normal,052e3e474fc1
148.86521038256194,36.11518193303424,74.65,18.741064537533614,0.0,0.0,7.0710381306838475,1.0,0.0,0.0,normal,052e3e474fc1
148.8691631116365,36.066130864277326,74.65,18.741064537533614,0.0,0.0,7.070850382614184,1.0,0.0,0.0,normal,052e3e474fc1
145.50954417178505,41.085972431878886,73.1,20.79879804219465,0.0,0.0,7.234106772437257,1.0,0.0,0.0,normal,052e3e474fc1
145.53893239874589,41.08260860244841,73.1,20.79879804219465,0.0,0.0,7.232646011607263,1.0,0.0,0.0,normal,052e3e474fc1
115.71145057678223,44.60533855897745,80.0,25.099800796022265,0.0,0.0,10.80273381561786,1.0,0.0,0.0,normal,2425909fa698
115.74822664260864,44.60449750497659,80.0,25.099800796022265,0.0,0.0,10.799301520701281,1.0,0.0,0.0,normal,2425909fa698
127.39332516988118,48.756103295343834,75.1,19.992248497855364,0.0,0.0,8.721894256464578,1.0,0.0,0.0,normal,2425909fa698
127.4717648824056,48.6452008440836,75.1,19.992248497855364,0.0,0.0,8.71652724143363,1.0,0.0,0.0,normal,2425909fa698
123.5177857535226,47.63905515051427,68.93333333333334,21.800509678037855,0.0,0.0,8.674285771011041,1.0,0.0,0.0,normal,2425909fa698
123.5471282686506,47.62656471831668,68.93333333333334,21.800509678037855,0.0,0.0,8.672225623073754,1.0,0.0,0.0,normal,2425909fa698
128.48631959212454,44.677293117706405,67.15,22.30756598107467,0.0,0.0,8.192557637956412,1.0,0.0,0.0,normal,2425909fa698
128.50499153137207,44.643330189354245,67.15,22.30756598107467,0.0,0.0,8.191367248877553,1.0,0.0,0.0,normal,2425909fa698
129.04937643753854,44.66923485877748,62.2,19.004210059878837,0.0,0.0,8.156812593797031,1.0,0.0,0.0,normal,2425909fa698
129.0793167917352,44.65458959823237,62.2,19.004210059878837,0.0,0.0,8.15492059541771,1.0,0.0,0.0,normal,2425909fa698
138.61947310598273,42.64627682730435,65.7,23.36043663975483,0.0,0.0,7.593677535785825,1.0,0.0,0.0,normal,2425909fa698
138.62416618748716,42.62188219126977,65.7,23.36043663975483,0.0,0.0,7.593420454004388,1.0,0.0,0.0,normal,2425909fa698
133.54415642587762,37.83634812340252,69.65,22.62802465970019,0.0,0.0,7.882273602376763,1.0,0.0,0.0,normal,2425909fa698
133.5575078663073,37.80222226188505,69.65,22.62802465970019,0.0,0.0,7.881485629404417,1.0,0.0,0.0,normal,2425909fa698
140.01023769378662,40.07397245027359,86.2,15.561490931141527,0.0,0.0,8.927918562168633,1.0,0.0,0.0,replay,133f40f58804
140.15626907348633,39.96652639261165,86.2,15.561490931141527,0.0,0.0,8.91861640055932,1.0,0.0,0.0,replay,133f40f58804
124.18089972601996,50.80415298195453,86.6,13.588230201170424,0.0,1.0,8.947520218991432,1.0,0.0,0.0,replay,133f40f58804
132.9246891869439,46.37096979645701,83.6,15.85055204085965,0.0,0.0,8.358952109705188,1.0,0.0,0.0,replay,133f40f58804
108.05656228746686,52.12690409943579,82.2,17.29431505823036,0.0,2.0,9.915441956946681,1.0,0.0,0.0,replay,133f40f58804
127.04607418605259,47.73890686732559,80.53333333333333,19.102763034586268,0.0,0.0,8.433385905805464,1.0,0.0,0.0,replay,133f40f58804
111.17952748348839,56.70754022098309,77.35,20.40410497914574,0.0,3.0,9.4678544042535,1.0,0.0,0.0,replay,133f40f58804
125.28747006466514,46.646353406661724,75.8,20.509997562164653,0.0,0.0,8.40173066312273,1.0,0.0,0.0,replay,133f40f58804
126.92935843216746,123.67916643625047,71.2,20.97999046710937,0.0,4.0,8.293050496350748,1.0,0.0,0.0,replay,133f40f58804
135.40726900100708,45.28083083341311,84.6,18.238420984284797,0.0,0.0,9.231409873503196,1.0,0.0,0.0,replay,e2cd2efc1e13
135.4472041130066,45.23039089263369,84.6,18.238420984284797,0.0,0.0,9.228688094271016,1.0,0.0,0.0,replay,e2cd2efc1e13
122.77121014065213,46.695088254317184,77.7,21.133149315707776,0.0,1.0,9.050257872657385,1.0,0.0,0.0,replay,e2cd2efc1e13
140.30689663357205,46.96645098763025,75.7,20.233882474700696,0.0,0.0,7.919148222720002,1.0,0.0,0.0,replay,e2cd2efc1e13
118.37405817849296,48.63187475900468,73.46666666666667,20.806622877236844,0.0,2.0,9.051210948711365,1.0,0.0,0.0,replay,e2cd2efc1e13
132.67135620117188,47.47390461482532,72.33333333333333,21.992928156316268,0.0,0.0,8.075809293785658,1.0,0.0,0.0,replay,e2cd2efc1e13
111.3034674995824,48.19040092631587,72.55,21.09851890536395,0.0,3.0,9.457311641717881,1.0,0.0,0.0,replay,e2cd2efc1e13
127.68210862812244,43.23463509591026,69.65,21.72619386823196,0.0,0.0,8.24415879607053,1.0,0.0,0.0,replay,e2cd2efc1e13
99.08032417297363,47.72907865880345,69.05,20.864982626400625,0.0,3.0,10.624022354929851,1.0,0.0,0.0,replay,e2cd2efc1e13
100.86053609848022,49.979412394969,83.4,22.535305633605237,0.0,0.0,12.393350743044833,1.0,0.0,0.0,normal,b0d10e6cb1d0
100.95000267028809,49.927906535300565,83.4,22.535305633605237,0.0,0.0,12.382367181134349,1.0,0.0,0.0,normal,b0d10e6cb1d0
137.1180216471354,55.75671654634137,79.8,22.946895214821545,0.0,0.0,8.103319299417006,1.0,0.0,0.0,normal,b0d10e6cb1d0
137.14167806837293,55.69023174959217,79.8,22.946895214821545,0.0,0.0,8.101921507458579,1.0,0.0,0.0,normal,b0d10e6cb1d0
137.0830876486642,48.22928231842137,76.86666666666666,26.017600880087993,0.0,0.0,7.81590632226332,1.0,0.0,0.0,normal,b0d10e6cb1d0
137.0950766972133,48.19021422410884,76.86666666666666,26.017600880087993,0.0,0.0,7.8152228164612865,1.0,0.0,0.0,normal,b0d10e6cb1d0
132.6028924239309,46.14664912727458,72.85,26.365270717366055,0.0,0.0,7.938224873572964,1.0,0.0,0.0,normal,b0d10e6cb1d0
132.64395061292146,46.14289157197697,72.85,26.365270717366055,0.0,0.0,7.9357677005499765,1.0,0.0,0.0,normal,b0d10e6cb1d0
135.7744242015638,39.942312753918856,65.25,24.861365610118845,0.0,0.0,7.752797223317149,1.0,0.0,0.0,normal,b0d10e6cb1d0
135.77941844337866,39.977998379440045,65.25,24.861365610118845,0.0,0.0,7.752512059744357,1.0,0.0,0.0,normal,b0d10e6cb1d0
128.8625943033319,36.85326671455076,64.25,23.932979338143422,0.0,0.0,8.168635628036176,1.0,0.0,0.0,normal,b0d10e6cb1d0
128.88052589014956,36.89309163228625,64.25,23.932979338143422,0.0,0.0,8.167499097920905,1.0,0.0,0.0,normal,b0d10e6cb1d0
146.64745330810547,15.871647500796968,70.0,22.494443758403985,0.0,0.0,8.523843897744047,1.0,0.0,0.0,mitm,83aa47d02725
146.73000574111938,15.815233970368656,70.0,22.494443758403985,0.0,0.0,8.51904825932752,1.0,0.0,0.0,mitm,83aa47d02725
142.42786831325955,22.627198744977715,66.1,23.62392854713204,0.0,0.0,7.801219833377724,1.0,0.0,0.0,mitm,83aa47d02725
142.53634876675076,22.520654339052903,66.1,23.62392854713204,0.0,0.0,7.795282541784165,1.0,0.0,0.0,mitm,83aa47d02725
132.50904423849923,36.82175206049086,72.26666666666667,23.239238847738154,0.0,0.0,8.085701452197767,1.0,0.0,0.0,mitm,83aa47d02725
132.5204372406006,36.82248649840061,72.26666666666667,23.239238847738154,0.0,0.0,8.085006311013856,1.0,0.0,0.0,mitm,83aa47d02725
131.1396172172145,39.93022577065135,73.9,22.794516884549232,0.0,0.0,8.02680075849109,1.0,0.0,0.0,mitm,83aa47d02725
131.16104979264108,39.95689505344367,73.9,22.794516884549232,0.15,0.0,8.02548912662353,1.0,0.0,0.0,mitm,83aa47d02725
182.11126327514648,22.572780393410824,77.0,27.70559510279467,0.0,0.0,6.863935692497021,1.0,0.0,0.0,mitm,c7be4f5207db
182.17968940734863,22.598295071968767,77.0,27.70559510279467,0.4,0.0,6.86135761931746,1.0,0.0,0.0,mitm,c7be4f5207db
142.05643865797254,48.7483351038984,64.4,24.025819444922163,0.0,0.0,7.821617391002734,1.0,0.0,0.0,mitm,c7be4f5207db
142.10197660658093,48.76822569353122,64.4,24.025819444922163,0.4,0.0,7.819110878290584,1.0,0.0,0.0,mitm,c7be4f5207db
133.67463861192977,46.997950562489024,64.86666666666666,21.506174823886177,0.0,0.0,8.015197067702804,1.0,0.0,0.0,mitm,c7be4f5207db
133.70062623705184,46.977772646907276,64.86666666666666,21.506174823886177,0.4,0.0,8.013639139796725,1.0,0.0,0.0,mitm,c7be4f5207db
121.59604775278191,47.22895885438732,63.35,19.771886606998333,0.0,0.0,8.656791058599895,1.0,0.0,0.0,mitm,c7be4f5207db
121.61687800758763,47.21050020041956,63.35,19.771886606998333,0.4,0.0,8.655308343646967,1.0,0.0,0.0,mitm,c7be4f5207db
159.52068567276,31.529618724946673,83.8,19.711925324533876,0.0,0.0,7.835974342313474,1.0,0.0,0.0,mitm,5cbf6b2f4684
159.61217880249023,31.50610498386496,83.8,19.711925324533876,0.4,0.0,7.831482593485515,1.0,0.0,0.0,mitm,5cbf6b2f4684
133.8242424858941,38.518018810036736,79.0,24.033310217279684,0.0,0.0,8.302764061812113,1.0,0.0,0.0,mitm,5cbf6b2f4684
133.86032316419812,38.60964163342368,79.0,24.033310217279684,0.4,0.0,8.300526136846242,1.0,0.0,0.0,mitm,5cbf6b2f4684
143.32306385040283,35.20060544819334,73.2,23.947720837969808,0.0,0.0,7.4756186662804165,1.0,0.0,0.0,mitm,5cbf6b2f4684
143.36378233773368,35.254807108680865,73.2,23.947720837969808,0.4,0.0,7.473495425117345,1.0,0.0,0.0,mitm,5cbf6b2f4684
137.7518427999396,32.865070265340634,70.15,23.717662195081537,0.0,0.0,7.641506331614969,1.0,0.0,0.0,mitm,5cbf6b2f4684
137.79114422045257,32.86881471292987,70.15,23.717662195081537,0.45,0.0,7.639326786221176,1.0,0.0,0.0,mitm,5cbf6b2f4684
138.01324367523193,45.51920185640822,74.4,10.818502669038816,0.0,0.0,9.057101816557964,1.0,0.0,0.0,normal,8ca697117a7d
138.1012201309204,45.4503933815424,74.4,10.818502669038816,0.0,0.0,9.051332050614729,1.0,0.0,0.0,normal,8ca697117a7d
116.02709028455946,37.6721758800332,68.1,13.888484438555562,0.0,0.0,9.576307639759664,1.0,0.0,0.0,normal,8ca697117a7d
116.09821849399142,37.652486303754884,68.1,13.888484438555562,0.0,0.0,9.57044066243459,1.0,0.0,0.0,normal,8ca697117a7d
120.85379873003278,38.56568006310354,71.6,16.84755175092215,0.0,0.0,8.865493535887639,1.0,0.0,0.0,normal,8ca697117a7d
120.87576729910714,38.48537704619311,71.6,16.84755175092215,0.0,0.0,8.863882276563514,1.0,0.0,0.0,normal,8ca697117a7d
127.35468462893837,42.55258323612599,74.45,20.650605318004605,0.0,0.0,8.265354211463238,1.0,0.0,0.0,normal,8ca697117a7d
127.36704475001285,42.50619900267533,74.45,20.650605318004605,0.0,0.0,8.264552114037036,1.0,0.0,0.0,normal,8ca697117a7d
128.6057045585231,40.40758308474203,73.35,22.972320300744546,0.0,0.0,8.184952468172668,1.0,0.0,0.0,normal,8ca697117a7d
128.60921809547827,40.36452610706151,73.35,22.972320300744546,0.0,0.0,8.18472885952782,1.0,0.0,0.0,normal,8ca697117a7d
129.7211019616378,44.42612966635962,74.95,23.984317793091385,0.0,0.0,8.114574753293889,1.0,0.0,0.0,normal,8ca697117a7d
129.73757794028833,44.46124782370485,74.95,23.984317793091385,0.0,0.0,8.113544245691418,1.0,0.0,0.0,normal,8ca697117a7d
143.79378368980005,40.505247681680395,68.75,25.98052154980727,0.0,0.0,7.320424791228554,1.0,0.0,0.0,normal,8ca697117a7d
143.80800096612228,40.53044925889827,68.75,25.98052154980727,0.0,0.0,7.3197010727890115,1.0,0.0,0.0,normal,8ca697117a7d
128.75449657440186,16.582835530179015,65.8,15.038616957685969,0.0,0.0,9.708398799708538,1.0,0.0,0.0,normal,073dbc440b53
128.9622187614441,16.39191588837674,65.8,15.038616957685969,0.0,0.0,9.692761275395435,1.0,0.0,0.0,normal,073dbc440b53
153.63754166497125,36.18009173321443,67.1,17.778920102188433,0.0,0.0,7.232028702555321,1.0,0.0,0.0,normal,073dbc440b53
153.69666947258844,36.24640754862923,67.1,17.778920102188433,0.0,0.0,7.229246508228834,1.0,0.0,0.0,normal,073dbc440b53
134.69212395804269,40.10060080122095,70.0,19.8158185969358,0.0,0.0,7.954649016911539,1.0,0.0,0.0,normal,073dbc440b53
134.78570325034005,40.10187471816958,70.0,19.8158185969358,0.0,0.0,7.949126247006975,1.0,0.0,0.0,normal,073dbc440b53
128.3747773421438,43.37760150679463,75.55,20.74240824976695,0.0,0.0,8.199675985742122,1.0,0.0,0.0,normal,073dbc440b53
128.41962513170745,43.29951742568547,75.55,20.74240824976695,0.0,0.0,8.196812425420081,1.0,0.0,0.0,normal,073dbc440b53
133.97072490892913,50.29574871123522,79.0,21.538337911733116,0.0,0.0,7.857176108160409,1.0,0.0,0.0,normal,073dbc440b53
134.00542108636154,50.13072344006723,79.0,21.538337911733116,0.0,0.0,7.855141757802368,1.0,0.0,0.0,normal,073dbc440b53
128.42914932652525,49.04234505843119,78.95,23.029274847463174,0.0,0.0,8.19620455688841,1.0,0.0,0.0,normal,073dbc440b53
128.4531041195518,48.74227187568467,78.95,23.029274847463174,0.0,0.0,8.194676073905384,1.0,0.0,0.0,normal,073dbc440b53
133.8644780610737,48.39162110845922,74.15,24.785630917933076,0.0,0.0,7.863412267346388,1.0,0.0,0.0,normal,073dbc440b53
133.86917114257812,48.20418282797866,74.15,24.785630917933076,0.0,0.0,7.86313659794201,1.0,0.0,0.0,normal,073dbc440b53
151.29071474075317,41.95493060464115,72.0,22.342784070030305,0.0,1.0,8.26223871135753,1.0,0.0,0.0,replay,04a35972e54e
160.34817695617676,28.224140511500046,72.2,22.21170862405682,0.0,0.0,7.795536087333414,1.0,0.0,0.0,replay,04a35972e54e
134.0195337931315,52.28157798281852,64.8,17.560182231400674,0.0,2.0,8.290665395286247,1.0,0.0,0.0,replay,04a35972e54e
166.2087705400255,24.230385815539133,70.1,18.721378154398785,0.0,0.0,6.6850329708897,1.0,0.0,0.0,replay,04a35972e54e
129.0832247052874,50.27783315503269,71.46666666666667,18.191084507405147,0.0,3.0,8.300292883717248,1.0,0.0,0.0,replay,04a35972e54e
165.40755544389998,26.80910338879051,75.06666666666666,20.302599724063803,0.0,0.0,6.477506837902333,1.0,0.0,0.0,replay,04a35972e54e
128.17242271021792,53.62068172660694,74.7,19.488714683118534,0.0,4.0,8.212621378993818,1.0,0.0,0.0,replay,04a35972e54e
155.24751261660927,34.899181849728706,77.55,20.138209950241357,0.0,0.0,6.780344246460744,1.0,0.0,0.0,replay,04a35972e54e
124.92583927355315,50.41532668164181,79.7,19.60637651377735,0.0,4.0,8.426051688493327,1.0,0.0,0.0,replay,04a35972e54e
144.36282609638414,36.398986028483215,79.7,21.14734025829253,0.0,0.0,7.291569494799005,1.0,0.0,0.0,replay,04a35972e54e
118.61875182703922,49.21675988923161,85.5,19.991248085099638,0.0,3.0,8.874073978473785,1.0,0.0,0.0,replay,04a35972e54e
119.50668535734478,50.96718776302744,81.35,22.289627632600773,0.0,2.0,8.808139693606476,1.0,0.0,0.0,replay,04a35972e54e
141.5626375298751,39.255252543116605,79.45,22.003352017363174,0.0,0.0,7.435800839223719,1.0,0.0,0.0,replay,04a35972e54e
113.43073844909668,25.73462355167973,74.6,18.607525359380812,0.0,0.0,11.019940600677227,1.0,0.0,0.0,normal,efcc83367273
113.5759949684143,25.8864122081071,74.6,18.607525359380812,0.0,0.0,11.005846793132891,1.0,0.0,0.0,normal,efcc83367273
122.27400143941243,44.65913910232326,68.5,22.272179956169534,0.0,0.0,9.087059375100878,1.0,0.0,0.0,normal,efcc83367273
122.35755390591092,44.78708759812687,68.5,22.272179956169534,0.0,0.0,9.080854231243626,1.0,0.0,0.0,normal,efcc83367273
119.66405596051898,47.97682057244957,65.33333333333333,22.51123176451159,0.0,0.0,8.953637437979456,1.0,0.0,0.0,normal,efcc83367273
119.68777860913958,48.12820287466616,65.33333333333333,22.51123176451159,0.0,0.0,8.95186278732351,1.0,0.0,0.0,normal,efcc83367273
127.65325998005115,46.74941232662319,65.15,21.375862555695853,0.0,0.0,8.246021912106805,1.0,0.0,0.0,normal,efcc83367273
127.67810570566277,46.84022512196154,65.15,21.375862555695853,0.0,0.0,8.24441726425678,1.0,0.0,0.0,normal,efcc83367273
129.26315006456878,50.53269566402628,59.5,19.72941965694886,0.0,0.0,8.143322968855115,1.0,0.0,0.0,normal,efcc83367273
129.27901117425216,50.61919010189172,59.5,19.72941965694886,0.0,0.0,8.14232387288723,1.0,0.0,0.0,normal,efcc83367273
138.76436886034514,47.076976636993145,59.1,18.305463665255793,0.0,0.0,7.585748327128234,1.0,0.0,0.0,normal,efcc83367273
138.7646198272705,47.04680072069884,59.1,18.305463665255793,0.0,0.0,7.58573460769502,1.0,0.0,0.0,normal,efcc83367273
146.28994464874268,37.25627611929737,59.2,25.007198963498492,0.0,0.0,8.54467477584587,1.0,0.0,0.0,normal,2107bac45a46
146.45421504974365,37.17222329251776,59.2,25.007198963498492,0.0,0.0,8.53509063959295,1.0,0.0,0.0,normal,2107bac45a46
147.12712499830457,40.816773901395656,65.0,26.962937525425527,0.0,0.0,7.552048006945796,1.0,0.0,0.0,normal,2107bac45a46
147.2105715009901,40.79309038901034,65.0,26.962937525425527,0.0,0.0,7.547767118774061,1.0,0.0,0.0,normal,2107bac45a46
154.8715659550258,37.532556206674435,63.53333333333333,26.760335490340093,0.0,0.0,6.918174842628702,1.0,0.0,0.0,normal,2107bac45a46
154.90215165274483,37.50901816310487,63.53333333333333,26.760335490340093,0.0,0.0,6.916808837042296,1.0,0.0,0.0,normal,2107bac45a46
154.70615186189352,34.534340710438435,63.2,23.34866163187946,0.0,0.0,6.804070596281489,1.0,0.0,0.0,normal,2107bac45a46
154.72931610910516,34.500873309173286,63.2,23.34866163187946,0.0,0.0,6.803051971128214,1.0,0.0,0.0,normal,2107bac45a46
156.27805810225638,31.804871124030882,68.25,24.754545037224982,0.0,0.0,6.735632575230792,1.0,0.0,0.0,normal,2107bac45a46
156.2964163328472,31.8164976209002,68.25,24.754545037224982,0.0,0.0,6.734841422759786,1.0,0.0,0.0,normal,2107bac45a46
152.6157354053698,32.45091959896526,68.25,22.633769018879732,0.0,0.0,6.897267677880163,1.0,0.0,0.0,normal,2107bac45a46
152.6280955264443,32.46290728457935,68.25,22.633769018879732,0.0,0.0,6.896709123681556,1.0,0.0,0.0,normal,2107bac45a46
141.038715839386,16.084118828185147,74.4,21.322288807724185,0.0,0.0,8.86281467156502,1.0,0.0,0.0,mitm,a81e9464d667
141.18653535842896,15.998027686812671,74.4,21.322288807724185,0.6,0.0,8.853535479333328,1.0,0.0,0.0,mitm,a81e9464d667
131.61309560139975,18.702350878327277,66.9,21.727632176562636,0.0,0.0,8.442253455356719,1.0,0.0,0.0,mitm,a81e9464d667
131.64623578389487,18.707966491122637,66.9,21.727632176562636,0.4,0.0,8.44012823074612,1.0,0.0,0.0,mitm,a81e9464d667
140.2902092252459,27.32131072426972,69.33333333333333,21.14290004285652,0.0,0.0,7.637229834822734,1.0,0.0,0.0,mitm,a81e9464d667
140.32627855028426,27.386940826303555,69.33333333333333,21.14290004285652,0.26666666666666666,0.0,7.635266768972554,1.0,0.0,0.0,mitm,a81e9464d667
147.022545337677,23.850168316627613,69.4,30.295874306578444,0.0,0.0,8.502097396892681,1.0,0.0,0.0,replay,24c7ee4da165
147.0850110054016,23.83097611908596,69.4,30.295874306578444,0.0,0.0,8.4984866333803,1.0,0.0,0.0,replay,24c7ee4da165
122.58688608805339,52.921966485820846,64.1,25.212893526923878,0.0,1.0,9.063866018368449,1.0,0.0,0.0,replay,24c7ee4da165
142.83302095201282,38.942161507456426,67.9,27.93009129952854,0.0,0.0,7.779091303294691,1.0,0.0,0.0,replay,24c7ee4da165
117.1738590512957,50.666922220492964,68.53333333333333,25.606943502799304,0.0,2.0,9.14392152058018,1.0,0.0,0.0,replay,24c7ee4da165
133.63185950687952,42.91598259299765,71.0,25.56560189003967,0.0,0.0,8.017762945021452,1.0,0.0,0.0,replay,24c7ee4da165
114.35463553980777,47.95990150661694,68.55,23.157018374566274,0.0,3.0,9.204975154513425,1.0,0.0,0.0,replay,24c7ee4da165
134.32849080939042,44.37521183176625,71.1,24.09958505866854,0.0,0.0,7.836249574492969,1.0,0.0,0.0,replay,24c7ee4da165
106.30621408161365,49.13841418653376,69.55,20.970157367077626,0.0,3.0,9.901881917638791,1.0,0.0,0.0,replay,24c7ee4da165
134.81467648556358,49.560301292925416,69.9,21.405373157223867,0.0,0.0,7.8079895037250475,1.0,0.0,0.0,replay,24c7ee4da165
109.87309405678197,51.72358547644411,72.0,20.396078054371138,0.0,3.0,9.580430841452165,1.0,0.0,0.0,replay,24c7ee4da165
106.56925251609401,56.12414353709136,66.3,18.756598838808703,0.0,3.0,9.87744170194307,1.0,0.0,0.0,replay,24c7ee4da165
135.5442624343069,46.366031753082666,69.15,20.179878592300796,0.0,0.0,7.765961908255162,1.0,0.0,0.0,replay,24c7ee4da165
124.37397241592407,52.46414094364452,80.6,18.639742487491613,0.0,0.0,10.050334291967648,1.0,0.0,0.0,normal,389f57dfeecc
124.46624040603638,52.535586123750804,80.6,18.639742487491613,0.0,0.0,10.04288388499744,1.0,0.0,0.0,normal,389f57dfeecc
119.92242601182726,45.10120196300725,67.9,24.610770000144246,0.0,0.0,9.265248778418881,1.0,0.0,0.0,normal,389f57dfeecc
119.9555926852756,45.1146414123449,67.9,24.610770000144246,0.0,0.0,9.262687018072635,1.0,0.0,0.0,normal,389f57dfeecc
128.2273530960083,45.75620820518756,70.06666666666666,23.51018691735327,0.0,0.0,8.35569436285841,1.0,0.0,0.0,normal,389f57dfeecc
128.26495511191231,45.784944066268636,70.06666666666666,23.51018691735327,0.0,0.0,8.353244816510795,1.0,0.0,0.0,normal,389f57dfeecc
146.4112401008606,26.081175599401146,79.2,2.1354156504062622,0.0,0.0,8.537595878150427,1.0,0.0,0.0,mitm,17cd82e5ca46
146.5499997138977,26.125447494722216,79.2,2.1354156504062622,0.2,0.0,8.529512128558942,1.0,0.0,0.0,mitm,17cd82e5ca46
124.39632415771484,40.123782419439884,72.3,19.07380402541664,0.0,0.0,8.932025271923616,1.0,0.0,0.0,mitm,17cd82e5ca46
124.43179554409451,40.11360436666584,72.3,19.07380402541664,0.4,0.0,8.929479047156963,1.0,0.0,0.0,mitm,17cd82e5ca46
118.66343021392822,35.31528845670194,70.86666666666666,19.74121464235561,0.0,0.0,9.029138711875966,1.0,0.0,0.0,mitm,17cd82e5ca46
118.71801103864398,35.329731672811825,70.86666666666666,19.74121464235561,0.4,0.0,9.024987548686358,1.0,0.0,0.0,mitm,17cd82e5ca46
121.436733948557,34.1458194931195,65.9,20.290145391297717,0.0,0.0,8.66814797072263,1.0,0.0,0.0,mitm,17cd82e5ca46
121.47805565281918,34.14746590982451,65.9,20.290145391297717,0.3,0.0,8.665199432856905,1.0,0.0,0.0,mitm,17cd82e5ca46
106.84310762505783,34.0521249548974,61.3,20.508778608196053,0.0,0.0,9.852124318971939,1.0,0.0,0.0,mitm,17cd82e5ca46
106.87843121980366,34.06017218737433,61.3,20.508778608196053,0.35,0.0,9.84886816669821,1.0,0.0,0.0,mitm,17cd82e5ca46
118.84735759935882,40.2600207794987,61.85,22.33444648967151,0.0,0.0,8.857004482134547,1.0,0.0,0.0,mitm,17cd82e5ca46
118.86158742402729,40.22952609608847,61.85,22.33444648967151,0.3,0.0,8.85594414276335,1.0,0.0,0.0,mitm,17cd82e5ca46
119.08557540492008,44.669285680262426,60.0,20.70507184242547,0.0,0.0,8.839287003217338,1.0,0.0,0.0,mitm,17cd82e5ca46
119.1228941867226,44.626299834182426,60.0,20.70507184242547,0.3,0.0,8.83651783424092,1.0,0.0,0.0,mitm,17cd82e5ca46
130.17350435256958,49.77682518315133,54.4,20.655265672462313,0.0,0.0,9.602568558148565,1.0,0.0,0.0,normal,c3334b299803
130.25301694869995,49.83661902455702,54.4,20.655265672462313,0.0,0.0,9.596706696569735,1.0,0.0,0.0,normal,c3334b299803
117.15888977050781,44.178484101752986,66.5,22.464416306683777,0.0,0.0,9.483796861574639,1.0,0.0,0.0,normal,c3334b299803
117.23401811387804,44.142727175071684,66.5,22.464416306683777,0.0,0.0,9.47771925749237,1.0,0.0,0.0,normal,c3334b299803
104.42600931440082,41.22061776022144,65.66666666666667,23.954586663564502,0.0,0.0,10.260169649907484,1.0,0.0,0.0,normal,c3334b299803
104.44973196302142,41.22495070897576,65.66666666666667,23.954586663564502,0.0,0.0,10.257839357671992,1.0,0.0,0.0,normal,c3334b299803
108.94426546598736,42.2617799285461,66.55,23.808559385229508,0.0,0.0,9.662110937596823,1.0,0.0,0.0,normal,c3334b299803
108.96685248927066,42.293702411219435,66.55,23.808559385229508,0.0,0.0,9.660108142070223,1.0,0.0,0.0,normal,c3334b299803
140.4011845588684,36.02544163722846,66.4,20.88635918488428,0.0,0.0,8.903058787768924,1.0,0.0,0.0,normal,c23019fc86e3
140.47348499298096,36.127528613123054,66.4,20.88635918488428,0.0,0.0,8.898476463814212,1.0,0.0,0.0,normal,c23019fc86e3
120.3120814429389,48.63158227049154,70.6,23.191377708105225,0.0,0.0,9.235241363836632,1.0,0.0,0.0,normal,c23019fc86e3
120.38421630859375,48.59729779542801,70.6,23.191377708105225,0.0,0.0,9.229707557865236,1.0,0.0,0.0,normal,c23019fc86e3
114.5188467843192,44.41917597842724,68.13333333333334,20.509726689765735,0.0,0.0,9.355914781839033,1.0,0.0,0.0,normal,c23019fc86e3
114.57271235329765,44.356282361040655,68.13333333333334,20.509726689765735,0.0,0.0,9.351516163156745,1.0,0.0,0.0,normal,c23019fc86e3
122.242271900177,54.04377476474882,79.2,29.335302964176115,0.0,0.0,10.225595291788666,1.0,0.0,0.0,normal,ed267e2b9725
122.32744693756104,54.018070021492946,79.2,29.335302964176115,0.0,0.0,10.218475340518069,1.0,0.0,0.0,normal,ed267e2b9725
141.33045408460828,53.420483408725836,79.9,23.97686384830176,0.0,0.0,7.86179538095829,1.0,0.0,0.0,normal,ed267e2b9725
141.36330286661783,53.41168377603198,79.9,23.97686384830176,0.0,0.0,7.859968524925388,1.0,0.0,0.0,normal,ed267e2b9725
144.3903616496495,53.32516470410914,75.0,23.72059583287626,0.0,0.0,7.4203607442185,1.0,0.0,0.0,normal,ed267e2b9725
144.4187845502581,53.26864022327886,75.0,23.72059583287626,0.0,0.0,7.4189003512608265,1.0,0.0,0.0,normal,ed267e2b9725
115.99409580230713,25.63150645985737,64.8,23.54060322081828,0.0,0.0,10.776410569469153,1.0,0.0,0.0,normal,e08a28ad20c6
116.05304479598999,25.675782070134765,64.8,23.54060322081828,0.0,0.0,10.770936705688152,1.0,0.0,0.0,normal,e08a28ad20c6
116.39547348022461,36.735398235008,64.5,22.86153975566825,0.0,0.0,9.545999323589564,1.0,0.0,0.0,normal,e08a28ad20c6
116.42601754930284,36.79706370520179,64.5,22.86153975566825,0.0,0.0,9.543494954987958,1.0,0.0,0.0,normal,e08a28ad20c6
115.50801140921456,32.79363017620545,69.4,24.551442591695775,0.0,0.0,9.275794452324014,1.0,0.0,0.0,normal,e08a28ad20c6
115.55881159646171,32.87074862710972,69.4,24.551442591695775,0.0,0.0,9.27171677024565,1.0,0.0,0.0,normal,e08a28ad20c6
116.99426174163818,33.644078818009795,69.4,18.21647605877712,0.0,0.0,10.684284693897306,1.0,0.0,0.0,mitm,c6a8a034e074
117.09100008010864,33.72666852738287,69.4,18.21647605877712,0.0,0.0,10.675457542806907,1.0,0.0,0.0,mitm,c6a8a034e074
125.10188420613606,40.182850802368755,70.1,18.748066566982313,0.0,0.0,8.881649690265919,1.0,0.0,0.0,mitm,c6a8a034e074
125.14220343695746,40.24153789264218,70.1,18.748066566982313,0.1,0.0,8.878788135377945,1.0,0.0,0.0,mitm,c6a8a034e074
132.21742425646102,39.80757298401316,67.33333333333333,18.827875315310777,0.0,0.0,8.10353535060803,1.0,0.0,0.0,mitm,c6a8a034e074
132.2448423930577,39.850502389793064,67.33333333333333,18.827875315310777,0.2,0.0,8.101855256056602,1.0,0.0,0.0,mitm,c6a8a034e074
124.35620709469444,39.44597700091896,61.3,20.40612653102004,0.0,0.0,8.464648476660383,1.0,0.0,0.0,mitm,c6a8a034e074
124.37240700972707,39.45941091871604,61.3,20.40612653102004,0.25,0.0,8.463545928358876,1.0,0.0,0.0,mitm,c6a8a034e074
131.48850202560425,27.69440079563525,61.6,13.154466921924278,0.0,0.0,9.506534645566138,1.0,0.0,0.0,mitm,b052d7608dfd
131.54274225234985,27.677982509727993,61.6,13.154466921924278,0.2,0.0,9.502614728846208,1.0,0.0,0.0,mitm,b052d7608dfd
145.81878980000815,31.629174633055317,68.9,17.449641830135082,0.0,0.0,7.619807520244891,1.0,0.0,0.0,mitm,b052d7608dfd
145.88668611314563,31.592936675260084,68.9,17.449641830135082,0.4,0.0,7.616261227905092,1.0,0.0,0.0,mitm,b052d7608dfd
125.60699667249408,37.78979545323507,74.6,18.59318871701857,0.0,0.0,8.530007084097388,1.0,0.0,0.0,mitm,b052d7608dfd
125.6692920412336,37.78162995366105,74.6,18.59318871701857,0.26666666666666666,0.0,8.52577868487572,1.0,0.0,0.0,mitm,b052d7608dfd
118.79326167859529,36.83118203530976,73.4,19.36336747572591,0.0,0.0,8.86103777329852,1.0,0.0,0.0,mitm,b052d7608dfd
118.83575037906044,36.79629642850257,73.4,19.36336747572591,0.25,0.0,8.857869585454717,1.0,0.0,0.0,mitm,b052d7608dfd
115.78916248522307,31.205030993827116,80.4,18.480800848448098,0.0,0.0,9.090933523953112,1.0,0.0,0.0,mitm,b052d7608dfd
115.8208972529361,31.196655289757672,80.4,18.480800848448098,0.25,0.0,9.088442620579713,1.0,0.0,0.0,mitm,b052d7608dfd
138.61197233200073,30.448964017452212,58.4,17.396551382386107,0.0,0.0,9.017980041478841,1.0,0.0,0.0,normal,24ba7134f3fc
138.7232542037964,30.42239095880538,58.4,17.396551382386107,0.0,0.0,9.010745942880222,1.0,0.0,0.0,normal,24ba7134f3fc
134.21734174092612,28.189603296613782,54.9,13.494072772888103,0.0,0.0,8.278446709634888,1.0,0.0,0.0,normal,24ba7134f3fc
134.24513075086804,28.15422260128593,54.9,13.494072772888103,0.0,0.0,8.276733054646948,1.0,0.0,0.0,normal,24ba7134f3fc
115.30327796936035,35.05461167967206,59.0,13.75015151431673,0.0,0.0,9.292264628532791,1.0,0.0,0.0,normal,24ba7134f3fc
115.31255926404681,35.04916944528483,59.0,13.75015151431673,0.0,0.0,9.291516711333898,1.0,0.0,0.0,normal,24ba7134f3fc
119.39469136689839,38.26919871219547,60.05,17.43982511380203,0.0,0.0,8.816401859213697,1.0,0.0,0.0,normal,24ba7134f3fc
119.4366781335128,38.2153715383434,60.05,17.43982511380203,0.0,0.0,8.81330254154155,1.0,0.0,0.0,normal,24ba7134f3fc
114.96752500534058,18.7814374155926,73.8,25.102987869972768,0.0,0.0,10.87263555462235,1.0,0.0,0.0,replay,e11de3f4a441
115.12744426727295,18.58237514416468,73.8,25.102987869972768,0.0,0.0,10.857532779917143,1.0,0.0,0.0,replay,e11de3f4a441
111.25410927666559,47.012701489949585,72.4,20.62619693496598,0.0,1.0,9.987146707075883,1.0,0.0,0.0,replay,e11de3f4a441
119.31188901265462,31.766096242496335,77.4,18.879618640216226,0.0,0.0,9.312660459120407,1.0,0.0,0.0,replay,e11de3f4a441
111.57848153795514,48.963640001541165,67.2,22.468348107207763,0.0,2.0,9.602465965304505,1.0,0.0,0.0,replay,e11de3f4a441
121.77186352866036,37.435619285788334,68.8,22.90327487500423,0.0,0.0,8.798654634831951,1.0,0.0,0.0,replay,e11de3f4a441
99.33836836563914,49.055058134624936,69.9,21.61457841365406,0.0,3.0,10.596425089980347,1.0,0.0,0.0,replay,e11de3f4a441
125.44048459906327,37.939649673411836,68.8,23.137847782367313,0.0,0.0,8.391482082613296,1.0,0.0,0.0,replay,e11de3f4a441
97.7844188087865,57.13207198381716,69.35,21.94373486897798,0.0,3.0,10.764819096647159,1.0,0.0,0.0,replay,e11de3f4a441
119.31489643297698,41.612542227920706,70.4,21.289433999052207,0.0,0.0,8.822298056795159,1.0,0.0,0.0,replay,e11de3f4a441
102.28978960137619,51.772620724220744,68.8,22.12600280213306,0.0,2.0,10.290680849471672,1.0,0.0,0.0,replay,e11de3f4a441
158.613920211792,30.963615493661347,74.8,17.151093259614676,0.0,0.0,7.880771109691481,1.0,0.0,0.0,mitm,335e572cf7b8
158.76728296279907,31.09701559528986,74.8,17.151093259614676,0.2,0.0,7.8731586046785775,1.0,0.0,0.0,mitm,335e572cf7b8
131.5446694691976,50.03003956911996,69.3,24.56847573619495,0.0,0.0,8.446644897087891,1.0,0.0,0.0,mitm,335e572cf7b8
131.63601027594672,50.121286838863135,69.3,24.56847573619495,0.2,0.0,8.440783861360615,1.0,0.0,0.0,mitm,335e572cf7b8
126.83563573019845,45.435909823591174,72.33333333333333,23.39705584517467,0.0,0.0,8.447378098909734,1.0,0.0,0.0,mitm,335e572cf7b8
126.88423906053815,45.45659855421625,72.33333333333333,23.39705584517467,0.2,0.0,8.44414230925386,1.0,0.0,0.0,mitm,335e572cf7b8
125.27893718920257,46.846953872681176,75.5,24.550967394381836,0.0,0.0,8.402302913518744,1.0,0.0,0.0,mitm,335e572cf7b8
125.29957921881424,46.916601590443875,75.5,24.550967394381836,0.25,0.0,8.40091870627217,1.0,0.0,0.0,mitm,335e572cf7b8
120.06646708438271,43.89127648471115,71.7,25.571664005300867,0.0,0.0,8.767073809272484,1.0,0.0,0.0,mitm,335e572cf7b8
120.08210232383327,43.87234348411021,71.7,25.571664005300867,0.3,0.0,8.765932296127428,1.0,0.0,0.0,mitm,335e572cf7b8
111.34624481201172,42.37256807793354,49.6,10.131140113531151,0.0,0.0,11.226242987452357,1.0,0.0,0.0,replay,80df236277c0
111.48875951766968,42.56446974440571,49.6,10.131140113531151,0.0,0.0,11.211892619559459,1.0,0.0,0.0,replay,80df236277c0
117.57702297634549,43.03017294309914,63.2,22.39106964841117,0.0,1.0,9.450070115609645,1.0,0.0,0.0,replay,80df236277c0
138.93644014994302,47.596269190625854,69.1,23.00195643852931,0.0,0.0,7.997261984775034,1.0,0.0,0.0,replay,80df236277c0
119.77587427411761,42.885271015930044,65.66666666666667,22.125902367034787,0.0,2.0,8.945278654167977,1.0,0.0,0.0,replay,80df236277c0
133.53793961661202,41.4137933279856,66.46666666666667,21.90545340523425,0.0,0.0,8.023401997249975,1.0,0.0,0.0,replay,80df236277c0
105.50821454901444,44.377193244759,67.7,22.871598107696805,0.0,3.0,9.97677368958189,1.0,0.0,0.0,replay,80df236277c0
123.59363154361122,42.25626635169502,68.1,22.633824246026123,0.0,0.0,8.516875552571955,1.0,0.0,0.0,replay,80df236277c0
104.12263870239258,41.802163735880114,77.05,23.144059713023555,0.0,3.0,10.109536139936305,1.0,0.0,0.0,replay,80df236277c0
121.76376581192017,42.209101278345116,68.0,20.8806130178211,0.0,0.0,10.265779738865715,1.0,0.0,0.0,mitm,81f14264dd06
121.8491792678833,42.24470603671741,68.0,20.8806130178211,0.4,0.0,10.258583664744238,1.0,0.0,0.0,mitm,81f14264dd06
113.53365580240886,36.70194606104305,74.6,23.238760724272712,0.0,0.0,9.786623211049076,1.0,0.0,0.0,mitm,81f14264dd06
113.58443895975749,36.810360310047365,74.6,23.238760724272712,0.3,0.0,9.782247650180086,1.0,0.0,0.0,mitm,81f14264dd06
118.8488517488752,36.74155510068978,77.4,23.182752209347363,0.0,0.0,9.015051939184692,1.0,0.0,0.0,mitm,81f14264dd06
118.86107921600342,36.76523226411726,77.4,23.182752209347363,0.26666666666666666,0.0,9.014124543505867,1.0,0.0,0.0,mitm,81f14264dd06
129.45315712376646,39.61185686826363,73.0,23.145193885556456,0.0,0.0,8.13137046894096,1.0,0.0,0.0,mitm,81f14264dd06
129.47031071311548,39.645064355861024,73.0,23.145193885556456,0.3,0.0,8.130293139404165,1.0,0.0,0.0,mitm,81f14264dd06
147.3405361175537,46.2455410873703,63.4,25.350345165302976,0.0,0.0,8.483748145199526,1.0,0.0,0.0,normal,6ba5ab79fe3b
147.41575717926025,46.246818024934605,63.4,25.350345165302976,0.0,0.0,8.479419187732944,1.0,0.0,0.0,normal,6ba5ab79fe3b
131.25091128879123,44.977316954005644,63.8,23.033888078220752,0.0,0.0,8.465549688004334,1.0,0.0,0.0,normal,6ba5ab79fe3b
131.28924369812012,45.009074692378654,63.8,23.033888078220752,0.0,0.0,8.46307800862913,1.0,0.0,0.0,normal,6ba5ab79fe3b
119.87851347242083,44.59476394180196,65.0,21.04281350010022,0.0,0.0,8.937619765155526,1.0,0.0,0.0,normal,6ba5ab79fe3b
119.88971914563861,44.64415236702248,65.0,21.04281350010022,0.0,0.0,8.936784397059355,1.0,0.0,0.0,normal,6ba5ab79fe3b
121.84627432572215,42.63437745922584,70.6,23.812601705819546,0.0,0.0,8.63901325479555,1.0,0.0,0.0,normal,6ba5ab79fe3b
121.89853818793046,42.645336273757415,70.6,23.812601705819546,0.0,0.0,8.635309287503766,1.0,0.0,0.0,normal,6ba5ab79fe3b
113.10689072859914,39.553729558366896,67.65,23.186795811409564,0.0,0.0,9.306520338121272,1.0,0.0,0.0,normal,6ba5ab79fe3b
113.12148445530941,39.54779334220662,67.65,23.186795811409564,0.0,0.0,9.305319710184927,1.0,0.0,0.0,normal,6ba5ab79fe3b
132.94082880020142,31.84246990324817,59.8,23.709913538433664,0.0,0.0,9.40267945732941,1.0,0.0,0.0,mitm,30f9c6250d0f
133.04847478866577,31.84333529486664,59.8,23.709913538433664,0.2,0.0,9.39507199902517,1.0,0.0,0.0,mitm,30f9c6250d0f
137.31323348151312,32.483934014941454,61.6,19.576516544063708,0.0,0.0,8.09179918744469,1.0,0.0,0.0,mitm,30f9c6250d0f
137.3595396677653,32.486442297591935,61.6,19.576516544063708,0.2,0.0,8.089071307304765,1.0,0.0,0.0,mitm,30f9c6250d0f
125.5572863987514,43.72583083500067,72.66666666666667,22.872593983970326,0.0,0.0,8.533384259563181,1.0,0.0,0.0,mitm,30f9c6250d0f
125.61041968209403,43.70037108925657,72.66666666666667,22.872593983970326,0.26666666666666666,0.0,8.529774632870726,1.0,0.0,0.0,mitm,30f9c6250d0f
117.22416626779656,41.502484591914154,70.9,20.856413881585684,0.0,0.0,8.97964653928653,1.0,0.0,0.0,mitm,30f9c6250d0f
117.26688083849456,41.4814763764898,70.9,20.856413881585684,0.25,0.0,8.976375694660984,1.0,0.0,0.0,mitm,30f9c6250d0f
119.62002515792847,41.49765380970202,55.4,8.16333265278342,0.0,0.0,10.44975536787997,1.0,0.0,0.0,replay,ecd4f98ca6b5
119.68499422073364,41.48544220893777,55.4,8.16333265278342,0.0,0.0,10.444082887238475,1.0,0.0,0.0,replay,ecd4f98ca6b5
100.03222359551324,42.15396139421137,60.3,16.137224048763777,0.0,1.0,11.107531864971438,1.0,0.0,0.0,replay,ecd4f98ca6b5
115.57179027133517,36.1112348113568,63.4,16.823792675850473,0.0,0.0,9.61403391348776,1.0,0.0,0.0,replay,ecd4f98ca6b5
109.08658163888114,48.815450495291,62.8,19.49427266318666,0.0,2.0,9.821818186359668,1.0,0.0,0.0,replay,ecd4f98ca6b5
123.96679605756488,39.1388361305678,68.73333333333333,22.338208423138045,0.0,0.0,8.642867328208158,1.0,0.0,0.0,replay,ecd4f98ca6b5
108.94642378154553,50.53093519249779,69.3,23.757314663067458,0.0,3.0,9.661919523471994,1.0,0.0,0.0,replay,ecd4f98ca6b5
106.56899213790894,39.497127438135756,69.0,19.849433241279208,0.0,0.0,11.729490679450159,1.0,0.0,0.0,replay,8444439a3854
106.72372579574585,39.70645124536012,69.0,19.849433241279208,0.0,0.0,11.712484648374472,1.0,0.0,0.0,replay,8444439a3854
108.93554157680936,56.67870187644364,71.7,18.182684070290613,0.0,1.0,10.199711637066383,1.0,0.0,0.0,replay,8444439a3854
119.03511153327094,44.05178071847072,75.7,19.31346680427934,0.0,0.0,9.334314025492803,1.0,0.0,0.0,replay,8444439a3854
109.02605737958636,49.842136071810714,72.6,17.385051049680584,0.0,2.0,9.827270628509234,1.0,0.0,0.0,replay,8444439a3854
127.90991578783307,45.31907433857762,69.4,19.303885619221845,0.0,0.0,8.376430903181681,1.0,0.0,0.0,replay,8444439a3854
108.87284027902703,51.182081770882455,71.5,18.634645153584223,0.0,3.0,9.668449690938617,1.0,0.0,0.0,replay,8444439a3854
127.38926787125438,45.397524578928824,72.2,19.65349841631255,0.0,0.0,8.2631103588036,1.0,0.0,0.0,replay,8444439a3854
98.5435686613384,56.635798356771396,73.4,17.892456511055155,0.0,3.0,10.681890185699631,1.0,0.0,0.0,replay,8444439a3854
119.22821245695415,43.886237693298874,71.4,18.569868066305695,0.0,0.0,8.828712242309326,1.0,0.0,0.0,replay,8444439a3854
101.88937187194824,49.43122872748095,72.3,18.528626500634093,0.0,2.0,10.331122467515913,1.0,0.0,0.0,replay,8444439a3854
139.2664909362793,24.090844426747292,56.8,11.496086290559932,0.0,0.0,8.975597730626612,1.0,0.0,0.0,normal,742abf70a29f
139.43296670913696,23.98221526246568,56.8,11.496086290559932,0.0,0.0,8.96488132973282,1.0,0.0,0.0,normal,742abf70a29f
167.54558351304797,31.058289355915754,52.2,13.35514881983724,0.0,0.0,6.63169441899721,1.0,0.0,0.0,normal,742abf70a29f
167.61989063686795,30.948449118181653,52.2,13.35514881983724,0.0,0.0,6.6287545403440475,1.0,0.0,0.0,normal,742abf70a29f
167.93121610369002,29.805706341819697,59.6,19.885673234768795,0.0,0.0,6.380163237590159,1.0,0.0,0.0,normal,742abf70a29f
167.95565400804793,29.71140761477178,59.6,19.885673234768795,0.0,0.0,6.379234910289068,1.0,0.0,0.0,normal,742abf70a29f
153.98601481789038,37.23022875225089,61.55,17.94846790118867,0.0,0.0,6.835890780031225,1.0,0.0,0.0,normal,742abf70a29f
154.00236531307823,37.166277420769674,61.55,17.94846790118867,0.0,0.0,6.835165010663486,1.0,0.0,0.0,normal,742abf70a29f
152.70889432806717,37.03828364089694,62.95,20.02367348914779,0.0,0.0,6.893060051145296,1.0,0.0,0.0,normal,742abf70a29f
152.73341379667582,37.022430588412014,62.95,20.02367348914779,0.0,0.0,6.891953455245027,1.0,0.0,0.0,normal,742abf70a29f
133.95202159881592,33.14489260505855,66.0,21.83575050232989,0.0,0.0,9.331699403117105,1.0,0.0,0.0,normal,efc12b7332cf
134.00650024414062,33.190199779625765,66.0,21.83575050232989,0.0,0.0,9.327905718921688,1.0,0.0,0.0,normal,efc12b7332cf
141.8438752492269,28.911673257607777,69.4,22.406249128312396,0.0,0.0,7.833338656031729,1.0,0.0,0.0,normal,efc12b7332cf
141.8995592329237,28.86849927659844,69.4,22.406249128312396,0.0,0.0,7.830264710598972,1.0,0.0,0.0,normal,efc12b7332cf
139.8710012435913,38.15394386448669,69.2,23.307223486864896,0.0,0.0,7.660119409330837,1.0,0.0,0.0,normal,efc12b7332cf
139.88765648433142,38.08405712989213,69.2,23.307223486864896,0.0,0.0,7.659207383666338,1.0,0.0,0.0,normal,efc12b7332cf
133.63614835237203,44.57192492266115,74.6,23.167649859232593,0.0,0.0,7.8768476338586755,1.0,0.0,0.0,normal,efc12b7332cf
133.65199691370913,44.493776159058065,74.6,23.167649859232593,0.0,0.0,7.875913590928146,1.0,0.0,0.0,normal,efc12b7332cf
119.28373888919228,44.983282565408636,78.45,21.096148937661585,0.0,0.0,8.824602487730557,1.0,0.0,0.0,normal,efc12b7332cf
119.28868293762207,44.915820762728146,78.45,21.096148937661585,0.0,0.0,8.824236742539995,1.0,0.0,0.0,normal,efc12b7332cf
87.7867341041565,35.08418426863778,61.4,25.499803920814763,0.0,0.0,14.239053460137953,1.0,0.0,0.0,replay,d0b7ea13d821
87.95326948165894,34.98457502188587,61.4,25.499803920814763,0.0,0.0,14.212092482368321,1.0,0.0,0.0,replay,d0b7ea13d821
102.34957271152072,48.61169461323651,64.7,21.194574777522668,0.0,1.0,10.856040544916135,1.0,0.0,0.0,replay,d0b7ea13d821
113.50242296854655,40.65865783395272,64.0,21.549941995281564,0.0,0.0,9.789316228244916,1.0,0.0,0.0,replay,d0b7ea13d821
104.47306292397636,51.493838670655,63.266666666666666,19.143203029331904,0.0,2.0,10.255548573398634,1.0,0.0,0.0,replay,d0b7ea13d821
123.55855533054897,46.71813762308513,65.73333333333333,20.827759254311434,0.0,0.0,8.671423589910397,1.0,0.0,0.0,replay,d0b7ea13d821
104.0652174698679,49.344247148229506,64.5,20.63371028196335,0.0,3.0,10.115114392108564,1.0,0.0,0.0,replay,d0b7ea13d821
115.37593289425499,44.72211622016751,65.05,20.377622530609404,0.0,0.0,9.123493544465052,1.0,0.0,0.0,replay,d0b7ea13d821
100.37119765030711,47.37537961547313,64.1,18.976037521042162,0.0,2.0,10.487386855886019,1.0,0.0,0.0,replay,d0b7ea13d821
120.32190122102436,40.866696795763865,64.4,18.74939999039969,0.0,0.0,8.748461986265868,1.0,0.0,0.0,replay,d0b7ea13d821
97.81577712611148,42.638253705143484,63.4,19.223423212320952,0.0,2.0,10.761368052008995,1.0,0.0,0.0,replay,d0b7ea13d821
138.54199647903442,36.8086211446666,63.6,23.23445717033217,0.0,0.0,9.022534911925877,1.0,0.0,0.0,normal,c0e5a7041207
138.7239694595337,36.81540550590545,63.6,23.23445717033217,0.0,0.0,9.01069948380211,1.0,0.0,0.0,normal,c0e5a7041207
124.84865718417697,32.152301102134885,68.8,25.91447471973916,0.0,0.0,8.899664090675785,1.0,0.0,0.0,normal,c0e5a7041207
124.92156028747559,32.14772316421079,68.8,25.91447471973916,0.0,0.0,8.8944703264526,1.0,0.0,0.0,normal,c0e5a7041207
126.85636111668178,32.06683203912171,67.8,23.99499947905813,0.0,0.0,8.445997993297926,1.0,0.0,0.0,normal,c0e5a7041207
126.92022323608398,32.051649328202046,67.8,23.99499947905813,0.0,0.0,8.441748242402708,1.0,0.0,0.0,normal,c0e5a7041207
138.52125719973915,36.42757990639926,66.75,24.32873815059055,0.0,0.0,7.5990616907955015,1.0,0.0,0.0,normal,c0e5a7041207
138.5438316746762,36.363917326638486,66.75,24.32873815059055,0.0,0.0,7.597823491839906,1.0,0.0,0.0,normal,c0e5a7041207
124.03476238250732,38.42125381964376,75.2,24.57152823900052,0.0,0.0,10.07781992716816,1.0,0.0,0.0,normal,1a06a63f2217
124.19450283050537,38.41376684501132,75.2,24.57152823900052,0.0,0.0,10.064857715207728,1.0,0.0,0.0,normal,1a06a63f2217
127.59433852301703,42.95926848800782,67.5,22.992390045404154,0.0,0.0,8.708153700022319,1.0,0.0,0.0,normal,1a06a63f2217
127.6257832845052,42.94229543639824,67.5,22.992390045404154,0.0,0.0,8.706008163211084,1.0,0.0,0.0,normal,1a06a63f2217
118.99934496198382,43.967880295060155,68.66666666666667,23.248416911456335,0.0,0.0,9.003651001363544,1.0,0.0,0.0,normal,1a06a63f2217
119.02478763035366,43.9488563712731,68.66666666666667,23.248416911456335,0.0,0.0,9.001726386238358,1.0,0.0,0.0,normal,1a06a63f2217
123.00999541031688,45.11034060196351,72.75,23.175148327464917,0.0,0.0,8.557284921734775,1.0,0.0,0.0,normal,1a06a63f2217
123.05173121000591,45.1212476592953,72.75,23.175148327464917,0.0,0.0,8.554382523484351,1.0,0.0,0.0,normal,1a06a63f2217
132.042269957693,46.349911836749406,71.05,22.701266484493768,0.0,0.0,7.971928832218931,1.0,0.0,0.0,normal,1a06a63f2217
132.04436553151984,46.11738624625328,71.05,22.701266484493768,0.0,0.0,7.971802315912514,1.0,0.0,0.0,normal,1a06a63f2217
161.40395402908325,33.13699623542485,63.2,26.19465594353169,0.0,0.0,7.744543852839959,1.0,0.0,0.0,normal,57a759a16f6a
161.54974699020386,32.92035724059622,63.2,26.19465594353169,0.0,0.0,7.73755467457215,1.0,0.0,0.0,normal,57a759a16f6a
152.4184544881185,32.53159789392192,61.6,26.012304780622575,0.0,0.0,7.289872573781581,1.0,0.0,0.0,normal,57a759a16f6a
152.484310997857,32.57216118803135,61.6,26.012304780622575,0.0,0.0,7.286724147815618,1.0,0.0,0.0,normal,57a759a16f6a
146.33536338806152,34.15804623885302,66.86666666666666,26.45213706972568,0.0,0.0,7.321733767027237,1.0,0.0,0.0,normal,57a759a16f6a
146.36049951825822,34.18581850767037,66.86666666666666,26.45213706972568,0.0,0.0,7.320476323565106,1.0,0.0,0.0,normal,57a759a16f6a
143.2784733019377,35.44246850168696,66.7,26.435014658592493,0.0,0.0,7.346753177144111,1.0,0.0,0.0,normal,57a759a16f6a
143.31551602012232,35.420725819351716,66.7,26.435014658592493,0.0,0.0,7.344854264067073,1.0,0.0,0.0,normal,57a759a16f6a
145.8280086517334,34.79203061534613,69.95,23.52333947380771,0.0,0.0,7.218308668407207,1.0,0.0,0.0,normal,57a759a16f6a
145.85404647024055,34.79891689815874,69.95,23.52333947380771,0.0,0.0,7.217020058213764,1.0,0.0,0.0,normal,57a759a16f6a
138.59767662851434,40.04214978611344,73.0,22.40089283934906,0.0,0.0,7.594871750763574,1.0,0.0,0.0,normal,57a759a16f6a
138.63163245351691,40.00811984779534,73.0,22.40089283934906,0.0,0.0,7.593011496133936,1.0,0.0,0.0,normal,57a759a16f6a
118.94625425338745,35.87378198775582,75.2,26.31653472628948,0.0,0.0,10.508947993748205,1.0,0.0,0.0,mitm,7584453d6d63
119.03226375579834,35.84655278733222,75.2,26.31653472628948,0.4,0.0,10.501354511449502,1.0,0.0,0.0,mitm,7584453d6d63
126.23400158352322,37.01758392882021,70.1,22.91047795223836,0.0,0.0,8.801995478024518,1.0,0.0,0.0,mitm,7584453d6d63
126.30791134304471,36.958656180935584,70.1,22.91047795223836,0.4,0.0,8.796844942621211,1.0,0.0,0.0,mitm,7584453d6d63
132.3791401726859,42.10253343154992,66.8,22.47724775560092,0.0,0.0,8.093635976415277,1.0,0.0,0.0,mitm,7584453d6d63
132.43309089115687,42.025477719337054,66.8,22.47724775560092,0.3333333333333333,0.0,8.090338783296609,1.0,0.0,0.0,mitm,7584453d6d63
128.67200374603271,38.840625733259834,58.8,10.665833300778706,0.0,0.0,9.714622945230545,1.0,0.0,0.0,mitm,46c06ebef3f4
128.72153520584106,38.88561075445126,58.8,10.665833300778706,0.4,0.0,9.710884802617535,1.0,0.0,0.0,mitm,46c06ebef3f4
121.72823482089572,32.93360712244903,60.3,13.342038824707414,0.0,0.0,9.127801062308505,1.0,0.0,0.0,mitm,46c06ebef3f4
121.76746792263455,32.93640297808516,60.3,13.342038824707414,0.2,0.0,9.124860113023455,1.0,0.0,0.0,mitm,46c06ebef3f4
123.04227692740304,36.26383674120018,65.2,17.87064632295094,0.0,0.0,8.707808390613023,1.0,0.0,0.0,mitm,46c06ebef3f4
123.06787286485944,36.14862622652195,65.2,17.87064632295094,0.2,0.0,8.705997320723213,1.0,0.0,0.0,mitm,46c06ebef3f4
121.87373010735763,36.43232108861551,67.05,18.850663118309658,0.0,0.0,8.637067053089401,1.0,0.0,0.0,mitm,46c06ebef3f4
121.89316749572754,36.33688853428346,67.05,18.850663118309658,0.2,0.0,8.63568976484481,1.0,0.0,0.0,mitm,46c06ebef3f4
146.0738182067871,25.756775509049383,74.2,12.936769303036984,0.0,0.0,8.55731722046491,1.0,0.0,0.0,mitm,1b0df35d1559
146.16495370864868,25.788954801437647,74.2,12.936769303036984,0.2,0.0,8.55198163638892,1.0,0.0,0.0,mitm,1b0df35d1559
130.04668553670248,37.620162457734956,74.6,17.385051049680584,0.0,0.0,8.543940251345562,1.0,0.0,0.0,mitm,1b0df35d1559
130.06398412916394,37.656236855791626,74.6,17.385051049680584,0.2,0.0,8.542803901867936,1.0,0.0,0.0,mitm,1b0df35d1559
139.04452323913574,37.99791620609833,72.6,20.00266648891259,0.0,0.0,7.705651013566891,1.0,0.0,0.0,mitm,1b0df35d1559
139.06870569501604,38.015558504722556,72.6,20.00266648891259,0.2,0.0,7.7043110890689,1.0,0.0,0.0,mitm,1b0df35d1559
133.66969008194772,36.07278753559563,72.0,21.083168642308014,0.0,0.0,7.874871096821131,1.0,0.0,0.0,mitm,1b0df35d1559
133.69057053013853,36.09945583348796,72.0,21.083168642308014,0.25,0.0,7.873641160878048,1.0,0.0,0.0,mitm,1b0df35d1559
144.694983959198,30.886273620928463,64.0,24.99599967994879,0.0,0.0,8.638862010257956,1.0,0.0,0.0,mitm,030a8ed47edd
144.78498697280884,30.875381306466736,64.0,24.99599967994879,0.6,0.0,8.633491815244316,1.0,0.0,0.0,mitm,030a8ed47edd
158.547666337755,31.51338009531304,61.6,23.281752511355325,0.0,0.0,7.008057177859085,1.0,0.0,0.0,mitm,030a8ed47edd
158.58801205952963,31.414468188042488,61.6,23.281752511355325,0.3,0.0,7.006274286949447,1.0,0.0,0.0,mitm,030a8ed47edd
155.9755631855556,31.63576210002734,65.93333333333334,24.183924872158826,0.0,0.0,6.869207903765998,1.0,0.0,0.0,mitm,030a8ed47edd
155.99586282457625,31.52970802167406,65.93333333333334,24.183924872158826,0.26666666666666666,0.0,6.86831401825981,1.0,0.0,0.0,mitm,030a8ed47edd
98.25503826141357,26.328520549783992,52.8,16.65412861725284,0.0,0.0,12.721993926400986,1.0,0.0,0.0,normal,12b64256e75f
98.30206632614136,26.30407785078346,52.8,16.65412861725284,0.0,0.0,12.715907678408474,1.0,0.0,0.0,normal,12b64256e75f
124.3171426984999,33.16633517805788,60.7,17.944637081869335,0.0,0.0,8.937714356947803,1.0,0.0,0.0,normal,12b64256e75f
124.35425652398004,33.14888490548121,60.7,17.944637081869335,0.0,0.0,8.935046874707087,1.0,0.0,0.0,normal,12b64256e75f
130.2115065710885,35.14503002734477,57.733333333333334,17.074217079822105,0.0,0.0,8.228370899338522,1.0,0.0,0.0,normal,12b64256e75f
130.23500783102853,35.18107566312891,57.733333333333334,17.074217079822105,0.0,0.0,8.226886067520958,1.0,0.0,0.0,normal,12b64256e75f
133.96574321546052,40.41944316792788,60.95,17.203124716167117,0.0,0.0,7.857468287653166,1.0,0.0,0.0,normal,12b64256e75f
133.97895662408126,40.42059351119919,60.95,17.203124716167117,0.0,0.0,7.856693360442018,1.0,0.0,0.0,normal,12b64256e75f
113.9717698097229,31.517575850856765,60.6,25.064716236175506,0.0,0.0,10.967628230103722,1.0,0.0,0.0,normal,9769e5a5552b
114.00920152664185,31.52614513470881,60.6,25.064716236175506,0.0,0.0,10.96402731763627,1.0,0.0,0.0,normal,9769e5a5552b
128.9476818508572,37.84430041271583,61.1,20.964016790682077,0.0,0.0,8.616759100766453,1.0,0.0,0.0,normal,9769e5a5552b
129.04400295681424,37.86490319095194,61.1,20.964016790682077,0.0,0.0,8.610327374011753,1.0,0.0,0.0,normal,9769e5a5552b
117.41777828761509,37.63740002289339,58.733333333333334,19.226601941638627,0.0,0.0,9.12492628504778,1.0,0.0,0.0,normal,9769e5a5552b
117.43007387433734,37.67528980163425,58.733333333333334,19.226601941638627,0.0,0.0,9.123970854136683,1.0,0.0,0.0,normal,9769e5a5552b
129.57674264907837,31.84028354040346,78.4,24.662522174343806,0.0,0.0,9.646792892342326,1.0,0.0,0.0,mitm,49037005a1ba
129.71025705337524,31.726396150719527,78.4,24.662522174343806,0.2,0.0,9.63686317794922,1.0,0.0,0.0,mitm,49037005a1ba
150.47767427232532,39.06520713552056,76.5,24.908833774386146,0.0,0.0,7.3838934345854526,1.0,0.0,0.0,mitm,49037005a1ba
150.56157112121582,38.96096776717804,76.5,24.908833774386146,0.3,0.0,7.37977893586515,1.0,0.0,0.0,mitm,49037005a1ba
141.56450544084822,43.09521750545694,75.2,25.479926739821423,0.0,0.0,7.568483131361347,1.0,0.0,0.0,mitm,49037005a1ba
141.59321784973145,43.00510232648196,75.2,25.479926739821423,0.26666666666666666,0.0,7.566948387073495,1.0,0.0,0.0,mitm,49037005a1ba
143.08880504808928,43.64953324957896,72.25,24.835206864449507,0.0,0.0,7.356491506051784,1.0,0.0,0.0,mitm,49037005a1ba
143.09721244008918,43.56858618157505,72.25,24.835206864449507,0.3,0.0,7.356059290030377,1.0,0.0,0.0,mitm,49037005a1ba
156.2322974205017,34.41576645797337,69.0,25.155516293648198,0.0,0.0,8.000906474770739,1.0,0.0,0.0,mitm,de8fc42feb3d
156.28796815872192,34.408650147125734,69.0,25.155516293648198,0.2,0.0,7.998056502535967,1.0,0.0,0.0,mitm,de8fc42feb3d
142.0231130388048,35.836048631859974,74.9,26.65126638642149,0.0,0.0,7.82345272777906,1.0,0.0,0.0,mitm,de8fc42feb3d
142.09275775485568,35.8596350802512,74.9,26.65126638642149,0.2,0.0,7.819618175248918,1.0,0.0,0.0,mitm,de8fc42feb3d
144.34615203312464,32.9549653234449,79.46666666666667,24.013514713362742,0.0,0.0,7.422633415144308,1.0,0.0,0.0,mitm,de8fc42feb3d
144.3725483758109,33.00458631303628,79.46666666666667,24.013514713362742,0.2,0.0,7.421276298590885,1.0,0.0,0.0,mitm,de8fc42feb3d
142.35221712212814,36.2220745718571,79.35,23.946346276624332,0.0,0.0,7.39455696741474,1.0,0.0,0.0,mitm,de8fc42feb3d
142.3888833899247,36.226248906927445,79.35,23.946346276624332,0.2,0.0,7.392652810295523,1.0,0.0,0.0,mitm,de8fc42feb3d
135.93578338623047,31.54823608454172,77.7,24.314810301542558,0.0,0.0,7.743594458543386,1.0,0.0,0.0,mitm,de8fc42feb3d
135.94232107463637,31.535336841093443,77.7,24.314810301542558,0.25,0.0,7.743222056429672,1.0,0.0,0.0,mitm,de8fc42feb3d
77.8462290763855,29.815992483815016,73.6,18.413038858374247,0.0,0.0,16.057296735252972,1.0,0.0,0.0,normal,f72354cf657b
77.8818130493164,29.83799725722278,73.6,18.413038858374247,0.0,0.0,16.049960203269453,1.0,0.0,0.0,normal,f72354cf657b
114.09587330288358,45.035076358862774,73.3,19.292744750294087,0.0,0.0,9.738398760150686,1.0,0.0,0.0,normal,f72354cf657b
114.13002014160156,45.01620869988964,73.3,19.292744750294087,0.0,0.0,9.735485104905363,1.0,0.0,0.0,normal,f72354cf657b
123.12121050698417,43.78108449479992,69.53333333333333,22.52958548713718,0.0,0.0,8.702225774232407,1.0,0.0,0.0,normal,f72354cf657b
123.49137238093785,44.42180226058948,69.53333333333333,22.52958548713718,0.0,0.0,8.676141100153142,1.0,0.0,0.0,normal,f72354cf657b
122.22141968576531,43.2618093643786,66.95,22.588658658716326,0.0,0.0,8.612496742827187,1.0,0.0,0.0,normal,f72354cf657b
122.25811105025441,43.54175124114439,66.95,22.588658658716326,0.0,0.0,8.609912012420038,1.0,0.0,0.0,normal,f72354cf657b
122.50524759292603,32.47231296342058,73.8,22.569005294872877,0.0,0.0,10.203644534098965,1.0,0.0,0.0,normal,9791c6875de9
122.5389838218689,32.40255262615757,73.8,22.569005294872877,0.0,0.0,10.20083536694809,1.0,0.0,0.0,normal,9791c6875de9
127.38521893819173,36.83830236105,61.2,20.9990475974507,0.0,0.0,8.722449279223131,1.0,0.0,0.0,normal,9791c6875de9
127.45409541659885,36.88393015179562,61.2,20.9990475974507,0.0,0.0,8.71773564811168,1.0,0.0,0.0,normal,9791c6875de9
134.5730679375785,36.61364854396903,61.53333333333333,22.1475857726199,0.0,0.0,7.961686449219929,1.0,0.0,0.0,normal,9791c6875de9
134.62369782584054,36.55951876854991,61.53333333333333,22.1475857726199,0.0,0.0,7.958692182223764,1.0,0.0,0.0,normal,9791c6875de9
132.84063339233398,43.795786384227725,62.15,19.918019479857932,0.0,0.0,7.924018066358558,1.0,0.0,0.0,normal,9791c6875de9
132.869469492059,43.68927902512107,62.15,19.918019479857932,0.0,0.0,7.922298350188561,1.0,0.0,0.0,normal,9791c6875de9
137.66067906429893,44.30349956080447,61.8,20.093780132170252,0.0,0.0,7.6465668054397895,1.0,0.0,0.0,normal,9791c6875de9
137.6919997365851,44.21328486026427,61.8,20.093780132170252,0.0,0.0,7.644827447935463,1.0,0.0,0.0,normal,9791c6875de9
192.83431768417358,6.537046302487044,80.6,31.232034836046147,0.0,0.0,6.482248673429931,1.0,0.0,0.0,normal,87f8de08a200
192.97027587890625,6.596094711148063,80.6,31.232034836046147,0.0,0.0,6.4776815719764365,1.0,0.0,0.0,normal,87f8de08a200
170.84746890597873,35.05047542320947,77.2,27.927763963482647,0.0,0.0,6.503526907516441,1.0,0.0,0.0,normal,87f8de08a200
170.8743307325575,34.527531790172695,77.2,27.927763963482647,0.0,0.0,6.502504538555631,1.0,0.0,0.0,normal,87f8de08a200
147.3904507500785,51.76582562527443,67.8,26.603759132874437,0.0,0.0,7.269321492511963,1.0,0.0,0.0,normal,87f8de08a200
147.4095582962036,51.54841558554122,67.8,26.603759132874437,0.0,0.0,7.268379227320193,1.0,0.0,0.0,normal,87f8de08a200
135.7465292278089,53.83024403751136,71.2,25.511957980523565,0.0,0.0,7.754390369575116,1.0,0.0,0.0,normal,87f8de08a200
135.77526494076378,53.704507314439915,71.2,25.511957980523565,0.0,0.0,7.752749216925572,1.0,0.0,0.0,normal,87f8de08a200
110.10473652889854,45.65336528242569,70.75,23.080023830143677,0.0,0.0,9.560275171914066,1.0,0.0,0.0,normal,87f8de08a200
110.11262943870143,45.53766219190561,70.75,23.080023830143677,0.0,0.0,9.559589888218568,1.0,0.0,0.0,normal,87f8de08a200
106.73943318818745,39.4036169220418,69.55,22.35950580849228,0.0,0.0,9.86169354198763,1.0,0.0,0.0,normal,87f8de08a200
106.74885699623509,39.475425940513254,69.55,22.35950580849228,0.0,0.0,9.860822949930915,1.0,0.0,0.0,normal,87f8de08a200
128.8219690322876,43.75213541910422,62.4,16.523922052587878,0.0,0.0,9.703313878758546,1.0,0.0,0.0,normal,03ce1a295010
128.85701656341553,43.73198865052708,62.4,16.523922052587878,0.0,0.0,9.700674696164695,1.0,0.0,0.0,normal,03ce1a295010
148.83242713080512,41.49186425846193,73.5,22.59756624063751,0.0,0.0,7.4655176464641215,1.0,0.0,0.0,normal,03ce1a295010
148.87200461493597,41.50100514241375,73.5,22.59756624063751,0.0,0.0,7.463532945532971,1.0,0.0,0.0,normal,03ce1a295010
151.029144014631,38.02853489098877,71.73333333333333,21.408617164331023,0.0,0.0,7.094184227944617,1.0,0.0,0.0,normal,03ce1a295010
151.0607855660575,38.0130514277663,71.73333333333333,21.408617164331023,0.0,0.0,7.092698263243479,1.0,0.0,0.0,normal,03ce1a295010
147.5425268474378,37.899531818734445,72.9,20.772337374498807,0.0,0.0,7.134428299684825,1.0,0.0,0.0,normal,03ce1a295010
147.56190149407638,37.87109037097977,72.9,20.772337374498807,0.0,0.0,7.133491560418965,1.0,0.0,0.0,normal,03ce1a295010
142.6813100513659,31.998819701724653,79.2,20.595145058969603,0.0,0.0,7.377501500150345,1.0,0.0,0.0,normal,03ce1a295010
142.69715861270302,31.971263835468505,79.2,20.595145058969603,0.0,0.0,7.376682123043074,1.0,0.0,0.0,normal,03ce1a295010
138.773102509348,37.233193449214994,76.3,21.21108200917624,0.0,0.0,7.58527092003626,1.0,0.0,0.0,normal,03ce1a295010
138.78847423352693,37.227027392742116,76.3,21.21108200917624,0.0,0.0,7.584430802057811,1.0,0.0,0.0,normal,03ce1a295010
135.05557963722632,37.47877232136982,74.25,21.720669879172696,0.0,0.0,7.7940621318634085,1.0,0.0,0.0,normal,03ce1a295010
135.0886445296438,37.46049201365508,74.25,21.720669879172696,0.0,0.0,7.792154422841805,1.0,0.0,0.0,normal,03ce1a295010
147.8402614593506,22.80988040872886,53.6,23.303218661807215,0.0,0.0,8.455071627045882,1.0,0.0,0.0,mitm,ab7782131731
148.00041913986206,22.650344778078875,53.6,23.303218661807215,0.0,0.0,8.445922026874369,1.0,0.0,0.0,mitm,ab7782131731
142.47743288675943,40.01752706754724,60.6,25.73013797086988,0.0,0.0,7.798505971076966,1.0,0.0,0.0,mitm,ab7782131731
142.52620273166232,39.8399940504817,60.6,25.73013797086988,0.5,0.0,7.7958374657818394,1.0,0.0,0.0,mitm,ab7782131731
133.29720497131348,43.40137991363823,60.86666666666667,23.397625710505093,0.0,0.0,8.037892254823728,1.0,0.0,0.0,mitm,ab7782131731
133.31941195896692,43.30832666883469,60.86666666666667,23.397625710505093,0.4,0.0,8.036553384726417,1.0,0.0,0.0,mitm,ab7782131731
134.14641430503443,43.1673263590564,59.5,24.189873914512244,0.0,0.0,7.846885691285032,1.0,0.0,0.0,mitm,ab7782131731
134.1559886932373,43.10437019759504,59.5,24.189873914512244,0.4,0.0,7.8463256780457895,1.0,0.0,0.0,mitm,ab7782131731
131.12478507192512,43.47632578769187,68.6,24.940729740727313,0.0,0.0,8.027708707930195,1.0,0.0,0.0,mitm,ab7782131731
131.13851296274285,43.44873897249253,68.6,24.940729740727313,0.4,0.0,8.02686834832744,1.0,0.0,0.0,mitm,ab7782131731
132.30220895064505,39.55575717384121,68.85,24.085836086795908,0.0,0.0,7.956266091823528,1.0,0.0,0.0,mitm,ab7782131731
132.31484513533744,39.566628337932606,68.85,24.085836086795908,0.15,0.0,7.955506261377479,1.0,0.0,0.0,mitm,ab7782131731
158.70046615600586,27.71201688504908,65.6,27.91845267918693,0.0,0.0,7.876473398453815,1.0,0.0,0.0,normal,34c322dacb39
158.83278846740723,27.880804002088933,65.6,27.91845267918693,0.0,0.0,7.869911572172028,1.0,0.0,0.0,normal,34c322dacb39
145.927005343967,31.991242532893303,62.2,22.99913041834408,0.0,0.0,7.614156875844141,1.0,0.0,0.0,normal,34c322dacb39
145.94244956970215,31.990361644322753,62.2,22.99913041834408,0.0,0.0,7.613351114683354,1.0,0.0,0.0,normal,34c322dacb39
140.15727383749825,41.58460518466571,66.0,21.86016163404714,0.0,0.0,7.644473540993753,1.0,0.0,0.0,normal,34c322dacb39
140.21643570491247,41.63827846541812,66.0,21.86016163404714,0.0,0.0,7.641248089370982,1.0,0.0,0.0,normal,34c322dacb39
117.11329221725464,8.134253775885304,67.2,12.023310692151309,0.0,0.0,10.67342550392272,1.0,0.0,0.0,mitm,e06e32531dc9
117.27374792098999,8.164882399492058,67.2,12.023310692151309,0.4,0.0,10.658821962798985,1.0,0.0,0.0,mitm,e06e32531dc9
112.811459435357,20.601650192165128,59.3,12.490396310766124,0.0,0.0,9.84927521257535,1.0,0.0,0.0,mitm,e06e32531dc9
112.8499772813585,20.69626428861656,59.3,12.490396310766124,0.2,0.0,9.845913467407083,1.0,0.0,0.0,mitm,e06e32531dc9
120.28142384120396,24.733550497344087,63.666666666666664,20.05215422065392,0.0,0.0,8.907681146534115,1.0,0.0,0.0,mitm,e06e32531dc9
120.33656665257045,24.91430388589996,63.666666666666664,20.05215422065392,0.26666666666666666,0.0,8.903599306783821,1.0,0.0,0.0,mitm,e06e32531dc9
129.86431623760024,34.59892204050115,63.15,19.845087553346797,0.0,0.0,8.105626006003604,1.0,0.0,0.0,mitm,e06e32531dc9
129.8887855128238,34.74145048670782,63.15,19.845087553346797,0.3,0.0,8.104099016642534,1.0,0.0,0.0,mitm,e06e32531dc9
132.4065609982139,39.93107023921414,61.45,22.116679226321477,0.0,0.0,7.949995612087287,1.0,0.0,0.0,mitm,e06e32531dc9
132.41893366763466,40.07152759118462,61.45,22.116679226321477,0.2,0.0,7.949252797862158,1.0,0.0,0.0,mitm,e06e32531dc9
128.74072790145874,54.6961495100577,75.6,21.415881957089695,0.0,0.0,9.70943710180651,1.0,0.0,0.0,normal,9fa2ff6a0c92
128.81678342819214,54.63666415458232,75.6,21.415881957089695,0.0,0.0,9.703704492022208,1.0,0.0,0.0,normal,9fa2ff6a0c92
120.32466464572482,45.87507219395102,77.6,19.39690696992693,0.0,0.0,9.234275569207574,1.0,0.0,0.0,normal,9fa2ff6a0c92
120.37134170532227,45.847017033449696,77.6,19.39690696992693,0.0,0.0,9.230694743198853,1.0,0.0,0.0,normal,9fa2ff6a0c92
134.40884862627303,44.00868807607817,75.0,20.83266665599966,0.0,0.0,7.971413953613307,1.0,0.0,0.0,normal,9fa2ff6a0c92
134.43750994546073,43.96634084178226,75.0,20.83266665599966,0.0,0.0,7.969714493099685,1.0,0.0,0.0,normal,9fa2ff6a0c92
126.99361851340846,44.61974820810277,75.9,21.16813643191105,0.0,0.0,8.288854127234965,1.0,0.0,0.0,normal,9fa2ff6a0c92
127.00796127319336,44.587627563466235,75.9,21.16813643191105,0.0,0.0,8.287918083207117,1.0,0.0,0.0,normal,9fa2ff6a0c92
129.13870811462402,35.683829195734475,74.8,25.8797217913949,0.0,0.0,9.679514517757875,1.0,0.0,0.0,normal,9c7e3454f3b8
129.2794942855835,35.74797846872332,74.8,25.8797217913949,0.0,0.0,9.668973466423846,1.0,0.0,0.0,normal,9c7e3454f3b8
146.44122123718262,32.444084140032274,71.6,23.113632341109867,0.0,0.0,7.587420411575965,1.0,0.0,0.0,normal,9c7e3454f3b8
146.48432201809354,32.461074454832755,71.6,23.113632341109867,0.0,0.0,7.585187928670402,1.0,0.0,0.0,normal,9c7e3454f3b8
142.34978812081474,38.13982053113729,74.73333333333333,22.813641143452358,0.0,0.0,7.526731058561404,1.0,0.0,0.0,normal,9c7e3454f3b8
142.37277848379952,38.139720964493755,74.73333333333333,22.813641143452358,0.0,0.0,7.5255156416750575,1.0,0.0,0.0,normal,9c7e3454f3b8
138.74926065143785,38.07997988899392,74.9,22.69339110842626,0.0,0.0,7.5865743284338,1.0,0.0,0.0,normal,9c7e3454f3b8
138.76283796210038,38.05187315022936,74.9,22.69339110842626,0.0,0.0,7.5858320167454965,1.0,0.0,0.0,normal,9c7e3454f3b8
139.61917475650185,40.974849492467825,67.15,23.182482610799042,0.0,0.0,7.539305262211837,1.0,0.0,0.0,normal,9c7e3454f3b8
139.6364789260061,40.94064882039396,67.15,23.182482610799042,0.0,0.0,7.538370968986992,1.0,0.0,0.0,normal,9c7e3454f3b8
132.69779556675962,38.58935556074268,69.65,24.546435586455317,0.0,0.0,7.932547593963569,1.0,0.0,0.0,normal,9c7e3454f3b8
132.7105823316072,38.54495894922619,69.65,24.546435586455317,0.0,0.0,7.931783287011219,1.0,0.0,0.0,normal,9c7e3454f3b8
165.20196199417114,41.382038877196564,64.0,18.20988742414406,0.0,0.0,7.566496093091824,1.0,0.0,0.0,normal,5157fbe35c83
165.36378860473633,41.415811597073045,64.0,18.20988742414406,0.0,0.0,7.559091446482483,1.0,0.0,0.0,normal,5157fbe35c83
130.25800387064615,53.67236825821713,63.6,23.243063481391605,0.0,0.0,8.530079366289918,1.0,0.0,0.0,normal,5157fbe35c83
130.29048177931043,53.77387030737821,63.6,23.243063481391605,0.0,0.0,8.527953047200649,1.0,0.0,0.0,normal,5157fbe35c83
128.99306842258997,47.18960630811141,68.0,25.118386360061695,0.0,0.0,8.306094153202862,1.0,0.0,0.0,normal,5157fbe35c83
129.04165472303117,47.25471829528323,68.0,25.118386360061695,0.0,0.0,8.302966772459904,1.0,0.0,0.0,normal,5157fbe35c83
140.10357856750488,46.840076664543616,67.55,24.32174952588732,0.0,0.0,7.51323834630097,1.0,0.0,0.0,normal,5157fbe35c83
140.11879971152857,46.84876111216846,67.55,24.32174952588732,0.0,0.0,7.512422181138345,1.0,0.0,0.0,normal,5157fbe35c83
151.32278203964233,56.38550148071789,65.0,27.33495930123182,0.0,0.0,8.260487833699324,1.0,0.0,0.0,mitm,bfcd88dfc939
151.39126777648926,56.3808171945945,65.0,27.33495930123182,0.4,0.0,8.256750989399682,1.0,0.0,0.0,mitm,bfcd88dfc939
130.17378913031683,48.817663850451055,62.4,23.728463919942225,0.0,0.0,8.535597822990148,1.0,0.0,0.0,mitm,bfcd88dfc939
130.20690282185873,48.867945193448826,62.4,23.728463919942225,0.5,0.0,8.533427084363312,1.0,0.0,0.0,mitm,bfcd88dfc939
131.66035924639021,45.744863791785264,67.33333333333333,22.2999750871809,0.0,0.0,8.137822026016895,1.0,0.0,0.0,mitm,bfcd88dfc939
131.67842796870642,45.79710453327461,67.33333333333333,22.2999750871809,0.4666666666666667,0.0,8.13670536591763,1.0,0.0,0.0,mitm,bfcd88dfc939
141.3785219192505,41.72056910765855,70.0,19.949937343260004,0.0,0.0,8.84151272082154,1.0,0.0,0.0,normal,ed5848862e73
141.53283834457397,41.673921254599904,70.0,19.949937343260004,0.0,0.0,8.831872621368381,1.0,0.0,0.0,normal,ed5848862e73
146.6582351260715,35.43750048229565,59.7,18.78323720768068,0.0,0.0,7.57619311425621,1.0,0.0,0.0,normal,ed5848862e73
146.6985543568929,35.38152350955762,59.7,18.78323720768068,0.0,0.0,7.574110842346577,1.0,0.0,0.0,normal,ed5848862e73
142.23757811955042,44.62611314183671,59.53333333333333,19.45890256126714,0.0,0.0,7.5326688319175235,1.0,0.0,0.0,normal,ed5848862e73
142.258882522583,44.64578529484374,59.53333333333333,19.45890256126714,0.0,0.0,7.53154075464136,1.0,0.0,0.0,normal,ed5848862e73
135.59988925331518,50.17592423431589,64.55,20.689308833308086,0.0,0.0,7.762776096232199,1.0,0.0,0.0,normal,ed5848862e73
135.64232776039526,50.236977689648725,64.55,20.689308833308086,0.0,0.0,7.7603473512101955,1.0,0.0,0.0,normal,ed5848862e73
129.30326712758918,49.72764939208051,57.6,20.36516633862832,0.0,0.0,8.140796457282791,1.0,0.0,0.0,normal,ed5848862e73
129.31774791918303,49.77903069390248,57.6,20.36516633862832,0.0,0.0,8.139884864103953,1.0,0.0,0.0,normal,ed5848862e73
80.81221580505371,11.043794674305639,80.8,24.798387044322055,0.0,0.0,15.467958495475747,1.0,0.0,0.0,mitm,31636d79649d
80.88278770446777,11.0147496280562,80.8,24.798387044322055,0.4,0.0,15.454462382865582,1.0,0.0,0.0,mitm,31636d79649d
101.58912340799968,38.68436794235761,79.2,24.76610587072582,0.0,0.0,10.937303855341824,1.0,0.0,0.0,mitm,31636d79649d
101.65246327718098,38.75852199726379,79.2,24.76610587072582,0.3,0.0,10.93048879771253,1.0,0.0,0.0,mitm,31636d79649d
106.1075074332101,40.948792836350165,75.93333333333334,22.640573216143526,0.0,0.0,10.097575537743994,1.0,0.0,0.0,mitm,31636d79649d
106.13872323717389,40.9410707613647,75.93333333333334,22.640573216143526,0.3333333333333333,0.0,10.094605802204672,1.0,0.0,0.0,mitm,31636d79649d
116.01510800813374,46.749925762472536,74.3,24.302469010370118,0.0,0.0,9.073228452914677,1.0,0.0,0.0,mitm,31636d79649d
116.05425884849147,46.68320622343144,74.3,24.302469010370118,0.4,0.0,9.070167604289095,1.0,0.0,0.0,mitm,31636d79649d
159.6815586090088,33.25613410823551,54.0,23.98332754227403,0.0,0.0,7.828079904084043,1.0,0.0,0.0,mitm,a314e383e6fa
159.84803438186646,33.30268016722076,54.0,23.98332754227403,0.2,0.0,7.819927250489875,1.0,0.0,0.0,mitm,a314e383e6fa
138.99511761135525,36.19733862041562,70.6,24.96076921891631,0.0,0.0,7.993885901934289,1.0,0.0,0.0,mitm,a314e383e6fa
139.02743657430014,36.26754472179585,70.6,24.96076921891631,0.1,0.0,7.992027606128683,1.0,0.0,0.0,mitm,a314e383e6fa
123.20656435830253,37.60047540916382,69.4,25.80904234307555,0.0,0.0,8.696197130476767,1.0,0.0,0.0,mitm,a314e383e6fa
123.26034477778843,37.60094018698158,69.4,25.80904234307555,0.3333333333333333,0.0,8.692402843429685,1.0,0.0,0.0,mitm,a314e383e6fa
128.64731487474944,40.88337545272407,69.0,24.07903652557552,0.0,0.0,8.182305087146256,1.0,0.0,0.0,mitm,a314e383e6fa
128.65978793094033,40.84952303534546,69.0,24.07903652557552,0.25,0.0,8.181511845118079,1.0,0.0,0.0,mitm,a314e383e6fa
122.60435756884124,38.517580788506066,73.4,23.936165106382433,0.0,0.0,8.585596791340189,1.0,0.0,0.0,mitm,a314e383e6fa
122.60063070999949,38.4702807290353,73.4,23.936165106382433,0.3,0.0,8.585857779453612,1.0,0.0,0.0,mitm,a314e383e6fa
148.92548322677612,26.536863899494733,81.4,17.23484841824842,0.0,0.0,8.393459419544497,1.0,0.0,0.0,normal,980da97de60b
150.27427673339844,28.563353896948318,81.4,17.23484841824842,0.0,0.0,8.318123548301116,1.0,0.0,0.0,normal,980da97de60b
135.5768839518229,40.608534957113044,82.1,16.458736281987143,0.0,0.0,8.195431837081777,1.0,0.0,0.0,normal,980da97de60b
135.6499989827474,40.646455322460916,82.1,16.458736281987143,0.0,0.0,8.191014518565735,1.0,0.0,0.0,normal,980da97de60b
124.54262801579067,39.343792056682275,75.0,20.694604771936735,0.0,0.0,8.60290639838374,1.0,0.0,0.0,normal,980da97de60b
124.57386084965297,39.450688692701036,75.0,20.694604771936735,0.0,0.0,8.600749500103143,1.0,0.0,0.0,normal,980da97de60b
120.37301063537598,35.44793212925664,69.2,25.670216204777084,0.0,0.0,10.384387608169053,1.0,0.0,0.0,normal,52812fec5e51
120.47278881072998,35.49057377085194,69.2,25.670216204777084,0.0,0.0,10.375787033234745,1.0,0.0,0.0,normal,52812fec5e51
133.28777419196234,33.80009221934993,70.9,25.870639729237467,0.0,0.0,8.336181752955662,1.0,0.0,0.0,normal,52812fec5e51
133.3645714653863,33.92002212335687,70.9,25.870639729237467,0.0,0.0,8.331381407388927,1.0,0.0,0.0,normal,52812fec5e51
141.58521379743303,32.36534336505312,67.86666666666666,23.607531754835268,0.0,0.0,7.567376159501174,1.0,0.0,0.0,normal,52812fec5e51
141.59721987588065,32.40113942988954,67.86666666666666,23.607531754835268,0.0,0.0,7.566734518995144,1.0,0.0,0.0,normal,52812fec5e51
138.49321164582906,33.43964670488732,72.45,23.902876395948667,0.0,0.0,7.600600538019728,1.0,0.0,0.0,normal,52812fec5e51
138.5100013331363,33.44042841341209,72.45,23.902876395948667,0.0,0.0,7.599679220388132,1.0,0.0,0.0,normal,52812fec5e51
138.1182545109799,37.394854414562076,68.85,23.052711337280915,0.0,0.0,7.621234301536065,1.0,0.0,0.0,normal,52812fec5e51
138.16326542904503,37.476086533040444,68.85,23.052711337280915,0.0,0.0,7.618751450890952,1.0,0.0,0.0,normal,52812fec5e51
133.24226831134996,39.8893828321713,67.7,20.873667622150162,0.0,0.0,7.900132535177669,1.0,0.0,0.0,normal,52812fec5e51
133.255682493511,39.94106550595878,67.7,20.873667622150162,0.0,0.0,7.899337268402248,1.0,0.0,0.0,normal,52812fec5e51
111.28246784210205,18.761985768712403,73.0,29.366647748764244,0.0,0.0,11.232676846937082,1.0,0.0,0.0,normal,b6df05749d06
111.32878065109253,18.806840982780304,73.0,29.366647748764244,0.0,0.0,11.228004049712307,1.0,0.0,0.0,normal,b6df05749d06
131.48532973395453,29.702323716221596,69.4,29.134858846405965,0.0,0.0,8.450456894007239,1.0,0.0,0.0,normal,b6df05749d06
131.5374639299181,29.74738929942102,69.4,29.134858846405965,0.0,0.0,8.447107598965879,1.0,0.0,0.0,normal,b6df05749d06
131.80843421391077,36.432528972211415,74.2,27.396350121868423,0.0,0.0,8.128679912013515,1.0,0.0,0.0,normal,b6df05749d06
131.81958879743303,36.510022555398535,74.2,27.396350121868423,0.0,0.0,8.12799206250775,1.0,0.0,0.0,normal,b6df05749d06
134.58736319290963,34.38675860898546,69.65,26.31021664677051,0.0,0.0,7.821176921629618,1.0,0.0,0.0,normal,b6df05749d06
134.61811918961374,34.462840561976485,69.65,26.31021664677051,0.0,0.0,7.81939002924788,1.0,0.0,0.0,normal,b6df05749d06
154.52075004577637,47.423044637957,59.4,7.337574531137657,0.0,0.0,8.089528426633256,1.0,0.0,0.0,normal,7c211bfe089c
154.61128950119019,47.35186318702257,59.4,7.337574531137657,0.0,0.0,8.084791246698565,1.0,0.0,0.0,normal,7c211bfe089c
150.64968003167047,40.65381217630363,60.0,13.906832852953976,0.0,0.0,7.375462801364907,1.0,0.0,0.0,normal,7c211bfe089c
150.70154931810168,40.61783693014471,60.0,13.906832852953976,0.0,0.0,7.372924274094698,1.0,0.0,0.0,normal,7c211bfe089c
137.2741460800171,40.33427869192821,67.8,16.706086715126716,0.0,0.0,7.805028128195646,1.0,0.0,0.0,normal,7c211bfe089c
137.2983625956944,40.28868836704351,67.8,16.706086715126716,0.0,0.0,7.80365148697098,1.0,0.0,0.0,normal,7c211bfe089c
131.77847862243652,40.28512779622573,71.1,20.277820395693418,0.0,0.0,7.987886868562983,1.0,0.0,0.0,normal,7c211bfe089c
131.80247106050192,40.203822963358846,71.1,20.277820395693418,0.0,0.0,7.986432807198084,1.0,0.0,0.0,normal,7c211bfe089c
122.27072213825427,38.93364850726833,75.9,22.08144017042367,0.0,0.0,8.609023980059053,1.0,0.0,0.0,normal,7c211bfe089c
122.27631870069001,38.8731547362865,75.9,22.08144017042367,0.0,0.0,8.608629946768493,1.0,0.0,0.0,normal,7c211bfe089c
151.98177099227905,23.011608411688137,61.0,6.572670690061994,0.0,1.0,8.224670576206815,1.0,0.0,0.0,replay,b15d9dd3074b
156.36968612670898,15.976262190452912,69.6,18.413038858374247,0.0,0.0,7.993876760660017,1.0,0.0,0.0,replay,b15d9dd3074b
116.2174277835422,45.930690290350036,68.0,19.672315572906,0.0,1.0,9.56062384361649,1.0,0.0,0.0,replay,b15d9dd3074b
137.37675878736707,35.02182065011827,69.3,19.59617309578582,0.0,0.0,8.088057404461685,1.0,0.0,0.0,replay,b15d9dd3074b
115.46942165919712,50.59312257890153,72.13333333333334,21.051893554315303,0.0,2.0,9.278894412330612,1.0,0.0,0.0,replay,b15d9dd3074b
139.37664031982422,37.53678765734014,75.66666666666667,21.638443156156644,0.0,0.0,7.687289412128102,1.0,0.0,0.0,replay,b15d9dd3074b
165.7707691192627,23.91018656672051,62.0,19.224983745116667,0.0,0.0,7.540533271584785,1.0,0.0,0.0,mitm,183678bc9bc0
165.91399908065796,23.85625482956461,62.0,19.224983745116667,0.4,0.0,7.534023692553641,1.0,0.0,0.0,mitm,183678bc9bc0
147.66091770595975,52.059530221342946,66.9,23.196767016116706,0.0,0.0,7.52474743062135,1.0,0.0,0.0,mitm,183678bc9bc0
147.6806534661187,51.99985397933442,66.9,23.196767016116706,0.4,0.0,7.523741837762285,1.0,0.0,0.0,mitm,183678bc9bc0
143.19002628326416,47.76041648412965,65.93333333333334,23.307986232667595,0.0,0.0,7.482564248637186,1.0,0.0,0.0,mitm,183678bc9bc0
143.22572095053536,47.693629224300615,65.93333333333334,23.307986232667595,0.4,0.0,7.480699446425558,1.0,0.0,0.0,mitm,183678bc9bc0
120.2014684677124,45.012555313603016,70.0,13.827508813954884,0.0,0.0,10.399207396836132,1.0,0.0,0.0,mitm,9440dbd429b4
120.3417181968689,45.15596415263076,70.0,13.827508813954884,0.4,0.0,10.387087858884527,1.0,0.0,0.0,mitm,9440dbd429b4
124.92463323805067,41.16437870050267,70.3,18.215652609774924,0.0,0.0,8.894251536394977,1.0,0.0,0.0,mitm,9440dbd429b4
124.94421005249023,41.166455992607986,70.3,18.215652609774924,0.5,0.0,8.892857945512825,1.0,0.0,0.0,mitm,9440dbd429b4
136.86677387782507,38.408119797339516,74.2,17.432536629341506,0.0,0.0,7.8282591243437105,1.0,0.0,0.0,mitm,9440dbd429b4
136.8915012904576,38.42151149103881,74.2,17.432536629341506,0.4666666666666667,0.0,7.8268450658248305,1.0,0.0,0.0,mitm,9440dbd429b4
113.48426342010498,49.70501809058474,57.0,21.26969675383267,0.0,0.0,11.014743034218336,1.0,0.0,0.0,mitm,acf0cbfaafbf
113.59202861785889,49.68263381243467,57.0,21.26969675383267,0.4,0.0,11.004293304816246,1.0,0.0,0.0,mitm,acf0cbfaafbf
116.63646168178983,37.87236123565419,71.8,23.58304475677388,0.0,0.0,9.526275875398802,1.0,0.0,0.0,mitm,acf0cbfaafbf
116.67521794637044,37.87217984379514,71.8,23.58304475677388,0.2,0.0,9.523111511322236,1.0,0.0,0.0,mitm,acf0cbfaafbf
136.84535026550293,42.662815518338654,74.2,22.40892679268688,0.0,0.0,7.8294846653526795,1.0,0.0,0.0,mitm,acf0cbfaafbf
136.89850057874406,42.709777856845115,74.2,22.40892679268688,0.13333333333333333,0.0,7.826444898220673,1.0,0.0,0.0,mitm,acf0cbfaafbf
138.8692102934185,38.57262139664852,71.45,22.343847027761356,0.0,0.0,7.5800213504725065,1.0,0.0,0.0,mitm,acf0cbfaafbf
138.90999241879112,38.60296262496444,71.45,22.343847027761356,0.1,0.0,7.577795957067328,1.0,0.0,0.0,mitm,acf0cbfaafbf
144.50947861922415,30.01278439655606,75.65,22.27616439156436,0.0,0.0,7.284169792910293,1.0,0.0,0.0,mitm,acf0cbfaafbf
144.53035906741493,30.05048271740507,75.65,22.27616439156436,0.1,0.0,7.283117441480773,1.0,0.0,0.0,mitm,acf0cbfaafbf
140.55204391479492,35.78037638846088,72.2,22.28811342397557,0.0,0.0,7.48926553914429,1.0,0.0,0.0,mitm,acf0cbfaafbf
140.5798635984722,35.77929378207583,72.2,22.28811342397557,0.25,0.0,7.487783470568172,1.0,0.0,0.0,mitm,acf0cbfaafbf
141.38895273208618,40.94763800547026,70.6,27.11162112452887,0.0,0.0,8.840860448047795,1.0,0.0,0.0,normal,69479f85c944
141.49677753448486,40.86025595354593,70.6,27.11162112452887,0.0,0.0,8.834123446347437,1.0,0.0,0.0,normal,69479f85c944
139.70586988661023,51.27857691944065,79.0,23.57116882973774,0.0,0.0,7.953217083955917,1.0,0.0,0.0,normal,69479f85c944
139.72634739345975,51.28878183316483,79.0,23.57116882973774,0.0,0.0,7.952051505234721,1.0,0.0,0.0,normal,69479f85c944
143.9890010016305,48.4308625573275,75.8,24.522642598219303,0.0,0.0,7.441044551843503,1.0,0.0,0.0,normal,69479f85c944
144.01558467320032,48.463899537535276,75.8,24.522642598219303,0.0,0.0,7.439671017965544,1.0,0.0,0.0,normal,69479f85c944
147.27804535313658,45.2534036136656,73.0,23.036926878383756,0.0,0.0,7.147240285701895,1.0,0.0,0.0,normal,69479f85c944
147.29826073897513,45.294873472671945,73.0,23.036926878383756,0.0,0.0,7.146259390073315,1.0,0.0,0.0,normal,69479f85c944
146.26873166937577,48.02729198102232,73.25,22.945315426029776,0.0,0.0,7.196559147902678,1.0,0.0,0.0,normal,69479f85c944
146.29210923847398,48.080641786702294,73.25,22.945315426029776,0.0,0.0,7.195409133321405,1.0,0.0,0.0,normal,69479f85c944
132.95519351959229,32.54050313209618,59.4,15.344054223053305,0.0,0.0,9.401663574847868,1.0,0.0,0.0,mitm,3f12672cc009
133.0195665359497,32.51505558133071,59.4,15.344054223053305,0.2,0.0,9.397113767185346,1.0,0.0,0.0,mitm,3f12672cc009
132.3088804880778,52.410048823111396,73.0,24.400819658363936,0.0,0.0,8.397857400140515,1.0,0.0,0.0,mitm,3f12672cc009
132.39256540934244,52.29759697126764,73.0,24.400819658363936,0.1,0.0,8.39254914107665,1.0,0.0,0.0,mitm,3f12672cc009
122.51135281154087,46.1968908040118,74.73333333333333,23.828461040435563,0.0,0.0,8.745545182875821,1.0,0.0,0.0,mitm,3f12672cc009
122.5273609161377,46.12862171423131,74.73333333333333,23.828461040435563,0.13333333333333333,0.0,8.744402584186052,1.0,0.0,0.0,mitm,3f12672cc009
131.8832196687397,44.06620604281538,76.35,24.37267937671195,0.0,0.0,7.981542925561998,1.0,0.0,0.0,mitm,3f12672cc009
131.90058657997534,44.007285340243726,76.35,24.37267937671195,0.2,0.0,7.980492022369635,1.0,0.0,0.0,mitm,3f12672cc009
136.2260517321135,46.79804106338915,79.9,23.18383057218975,0.0,0.0,7.72709452827241,1.0,0.0,0.0,mitm,3f12672cc009
136.25927975303247,46.768517704595524,79.9,23.18383057218975,0.3,0.0,7.725210208473466,1.0,0.0,0.0,mitm,3f12672cc009
137.58626737092672,42.59765015632101,76.0,23.147354060453647,0.0,0.0,7.650702348872643,1.0,0.0,0.0,mitm,3f12672cc009
137.60226651241905,42.62322062870083,76.0,23.147354060453647,0.35,0.0,7.6498127947068735,1.0,0.0,0.0,mitm,3f12672cc009
123.29322099685669,28.73190273920413,67.0,19.235384061671343,0.0,0.0,10.138432509860928,1.0,0.0,0.0,mitm,8a79b68c7166
123.40402603149414,28.7841433645538,67.0,19.235384061671343,0.2,0.0,10.129329165330356,1.0,0.0,0.0,mitm,8a79b68c7166
133.59279102749295,38.09648072589911,69.0,15.479018056711478,0.0,0.0,8.31714872161364,1.0,0.0,0.0,mitm,8a79b68c7166
133.62142774793836,38.07912104446086,69.0,15.479018056711478,0.1,0.0,8.315366254034464,1.0,0.0,0.0,mitm,8a79b68c7166
126.37536866324288,45.86880347022123,71.6,20.988250681432856,0.0,0.0,8.478143982975407,1.0,0.0,0.0,mitm,8a79b68c7166
126.39985765729632,45.80273588363469,71.6,20.988250681432856,0.2,0.0,8.476501408201738,1.0,0.0,0.0,mitm,8a79b68c7166
133.3677894190738,47.93236447192384,69.65,23.88571748974688,0.0,0.0,7.892697206217806,1.0,0.0,0.0,mitm,8a79b68c7166
133.3838387539512,47.908697586841114,69.65,23.88571748974688,0.2,0.0,7.891747521895237,1.0,0.0,0.0,mitm,8a79b68c7166
138.9886830982409,48.325833119982164,70.7,24.92207856499935,0.0,0.0,7.573505665949367,1.0,0.0,0.0,mitm,8a79b68c7166
139.0044187244616,48.31803453056431,70.7,24.92207856499935,0.2,0.0,7.572648327345074,1.0,0.0,0.0,mitm,8a79b68c7166
157.09024667739868,42.70751349231047,43.4,11.586198686368192,0.0,0.0,7.957209479510248,1.0,0.0,0.0,mitm,cbe884e7c51f
157.1274995803833,42.71688490079464,43.4,11.586198686368192,0.4,0.0,7.955322927801857,1.0,0.0,0.0,mitm,cbe884e7c51f
143.8036494784885,46.2153170324178,58.6,22.918115105741133,0.0,0.0,7.72658493119343,1.0,0.0,0.0,mitm,cbe884e7c51f
143.82852448357477,46.23567834777001,58.6,22.918115105741133,0.3,0.0,7.72524862575504,1.0,0.0,0.0,mitm,cbe884e7c51f
138.6038405554635,49.95759314597048,64.93333333333334,22.88658025034661,0.0,0.0,7.7301506735654275,1.0,0.0,0.0,mitm,cbe884e7c51f
138.61358165740967,49.95533476015138,64.93333333333334,22.88658025034661,0.3333333333333333,0.0,7.729607435414664,1.0,0.0,0.0,mitm,cbe884e7c51f
134.13894176483154,30.045061446243533,66.8,22.506887834616318,0.0,0.0,9.318695850392672,1.0,0.0,0.0,normal,8afab9b2c817
134.21326875686646,30.024642929414576,66.8,22.506887834616318,0.0,0.0,9.313535178585306,1.0,0.0,0.0,normal,8afab9b2c817
147.5271119011773,37.98364291723011,70.5,22.213734490175217,0.0,0.0,7.531572310962079,1.0,0.0,0.0,normal,8afab9b2c817
147.56335152520074,37.968945750939874,70.5,22.213734490175217,0.0,0.0,7.529722655569778,1.0,0.0,0.0,normal,8afab9b2c817
150.22414071219308,34.59775135311669,67.6,21.190563937753048,0.0,0.0,7.1321997007209905,1.0,0.0,0.0,normal,8afab9b2c817
150.24871485573905,34.597930370920345,67.6,21.190563937753048,0.0,0.0,7.131033183593624,1.0,0.0,0.0,normal,8afab9b2c817
138.93335743954307,37.98459223955304,65.5,23.077044871473472,0.0,0.0,7.576521566503002,1.0,0.0,0.0,normal,8afab9b2c817
138.94857858356676,37.99938173744779,65.5,23.077044871473472,0.0,0.0,7.575691595249334,1.0,0.0,0.0,normal,8afab9b2c817
133.47595930099487,38.17074811705044,72.6,15.640971836813721,0.0,0.0,9.364982327500552,1.0,0.0,0.0,replay,68399bd1924b
133.52328538894653,38.05744091152947,72.6,15.640971836813721,0.0,0.0,9.361662996523892,1.0,0.0,0.0,replay,68399bd1924b
97.09133042229547,52.48715064915554,73.5,13.987494414654828,0.0,1.0,11.443978636180706,1.0,0.0,0.0,replay,68399bd1924b
104.380554623074,43.41492226402041,70.0,15.697133496278866,0.0,0.0,10.644809419948155,1.0,0.0,0.0,replay,68399bd1924b
97.5576639175415,54.11324354645195,66.4,16.04909135538001,0.0,2.0,10.982515656936734,1.0,0.0,0.0,replay,68399bd1924b
109.21323299407959,49.86955435375498,69.8,16.71805411324336,0.0,0.0,9.810428114390252,1.0,0.0,0.0,replay,68399bd1924b
95.34128088700145,50.74185828201071,67.3,17.170032032585144,0.0,3.0,11.04066957307767,1.0,0.0,0.0,replay,68399bd1924b
109.88042229100277,49.42005251922345,68.2,19.602550854416883,0.0,0.0,9.579791895590121,1.0,0.0,0.0,replay,68399bd1924b
92.75958412571957,51.625029902417076,66.15,18.70100264691709,0.0,2.0,11.347954918822278,1.0,0.0,0.0,replay,68399bd1924b
109.81468150490208,47.232451651574394,66.75,18.699933154960743,0.0,0.0,9.585526857812535,1.0,0.0,0.0,replay,68399bd1924b
99.45683730276008,49.04323755757442,64.35,18.05346227181922,0.0,3.0,10.583803059643003,1.0,0.0,0.0,replay,68399bd1924b
121.02053039952328,46.47610791724631,65.1,21.087674124947966,0.0,0.0,8.697958730409885,1.0,0.0,0.0,replay,68399bd1924b
104.75600393194901,46.18565270847085,66.4,20.414210736641277,0.0,2.0,10.048412877902186,1.0,0.0,0.0,replay,68399bd1924b
108.90007019042969,35.26139699792967,73.2,16.606023003717656,0.0,0.0,11.478413171030738,1.0,0.0,0.0,replay,1c1277377f81
108.96146297454834,35.2226619281572,73.2,16.606023003717656,0.0,0.0,11.471945822643553,1.0,0.0,0.0,replay,1c1277377f81
109.47155952453613,38.316781077919785,74.5,24.142286552851616,0.0,1.0,10.149769638223479,1.0,0.0,0.0,replay,1c1277377f81
116.15067058139377,47.89705937924354,67.7,23.88744440077255,0.0,0.0,9.566118779594033,1.0,0.0,0.0,replay,1c1277377f81
110.03070218222481,48.17177803172809,72.93333333333334,24.745280133570702,0.0,2.0,9.737541887664678,1.0,0.0,0.0,replay,1c1277377f81
119.69850744519916,48.38559176610923,65.06666666666666,25.26517145971681,0.0,0.0,8.951060412504285,1.0,0.0,0.0,replay,1c1277377f81
141.64471626281738,25.664507405785834,70.6,14.759403781996074,0.0,0.0,8.824896776810677,1.0,0.0,0.0,mitm,86acce90eaa6
141.7485475540161,25.537412581791564,70.6,14.759403781996074,0.2,0.0,8.818432510030924,1.0,0.0,0.0,mitm,86acce90eaa6
115.30910597907172,34.833093775910406,71.6,20.582516852902124,0.0,0.0,9.635935528914557,1.0,0.0,0.0,mitm,86acce90eaa6
115.34725295172797,34.775002937256325,71.6,20.582516852902124,0.2,0.0,9.632748788357391,1.0,0.0,0.0,mitm,86acce90eaa6
116.18004526410785,39.88849306410901,69.73333333333333,22.28741548248448,0.0,0.0,9.222139387129108,1.0,0.0,0.0,mitm,86acce90eaa6
116.19372027260917,39.85088711987636,69.73333333333333,22.28741548248448,0.13333333333333333,0.0,9.221054020086694,1.0,0.0,0.0,mitm,86acce90eaa6
117.43298329805073,36.0540257259214,68.0,23.008694009004508,0.0,0.0,8.963679107731917,1.0,0.0,0.0,mitm,86acce90eaa6
117.44895734285053,36.01334843656653,68.0,23.008694009004508,0.2,0.0,8.962459972076076,1.0,0.0,0.0,mitm,86acce90eaa6
110.84831388373124,32.579214976924696,65.25,23.57090367380937,0.0,0.0,9.49614425395296,1.0,0.0,0.0,mitm,86acce90eaa6
110.88636046961734,32.557634773476096,65.25,23.57090367380937,0.2,0.0,9.492886000490453,1.0,0.0,0.0,mitm,86acce90eaa6
120.34253070228978,34.2109056998,66.4,22.68788222818516,0.0,0.0,8.746962298403284,1.0,0.0,0.0,mitm,86acce90eaa6
120.37594694840281,34.161645682701646,66.4,22.68788222818516,0.2,0.0,8.74453415015345,1.0,0.0,0.0,mitm,86acce90eaa6
85.57301759719849,32.700266492207724,83.0,22.244100341438852,0.0,0.0,14.607408212292876,1.0,0.0,0.0,normal,73b883b4609e
85.64150333404541,32.766476276081285,83.0,22.244100341438852,0.0,0.0,14.595726970419522,1.0,0.0,0.0,normal,73b883b4609e
97.48933050367567,31.788432794891865,69.7,23.061006049173137,0.0,0.0,11.397258606358145,1.0,0.0,0.0,normal,73b883b4609e
97.52578205532498,31.80324254552443,69.7,23.061006049173137,0.0,0.0,11.392998730128548,1.0,0.0,0.0,normal,73b883b4609e
106.20743887765067,33.88380269526573,70.93333333333334,21.720855313627858,0.0,0.0,10.088074646662374,1.0,0.0,0.0,normal,73b883b4609e
106.259856905256,33.947718767424035,70.93333333333334,21.720855313627858,0.0,0.0,10.083098195623249,1.0,0.0,0.0,normal,73b883b4609e
113.02021930092259,36.583692577256116,75.35,21.78365212722605,0.0,0.0,9.31365719743189,1.0,0.0,0.0,normal,73b883b4609e
113.05090000754909,36.661256597110004,75.35,21.78365212722605,0.0,0.0,9.311129578597587,1.0,0.0,0.0,normal,73b883b4609e
118.29169172989695,31.799169598092387,70.4,19.734234213670415,0.0,0.0,8.898609560432275,1.0,0.0,0.0,normal,73b883b4609e
118.31516968576531,31.880891775319146,70.4,19.734234213670415,0.0,0.0,8.89684375843829,1.0,0.0,0.0,normal,73b883b4609e
123.19509606612355,32.627795027478676,70.95,18.535034394357083,0.0,0.0,8.544427599475068,1.0,0.0,0.0,normal,73b883b4609e
123.20937608417712,32.69713188153239,70.95,18.535034394357083,0.0,0.0,8.543437296754156,1.0,0.0,0.0,normal,73b883b4609e
123.82810994198448,32.601119094593216,72.85,20.36485943973098,0.0,0.0,8.500748169705115,1.0,0.0,0.0,normal,73b883b4609e
123.82859932748894,32.61861995288538,72.85,20.36485943973098,0.0,0.0,8.500714573726853,1.0,0.0,0.0,normal,73b883b4609e
150.65503120422363,32.23882780485485,78.6,21.767866225241278,0.0,0.0,8.29710093322762,1.0,0.0,0.0,normal,513af9466d95
150.80469846725464,32.31973647961145,78.6,21.767866225241278,0.0,0.0,8.288866412682903,1.0,0.0,0.0,normal,513af9466d95
143.70777871873645,35.862112935283136,68.6,26.870801997707474,0.0,0.0,7.731739513459238,1.0,0.0,0.0,normal,513af9466d95
143.74089241027832,35.93961320297809,68.6,26.870801997707474,0.0,0.0,7.729958347132539,1.0,0.0,0.0,normal,513af9466d95
141.46149158477783,35.735233294501484,74.2,24.7095123383688,0.0,0.0,7.57399458626848,1.0,0.0,0.0,normal,513af9466d95
141.48056507110596,35.77922894686707,74.2,24.7095123383688,0.0,0.0,7.572973509754417,1.0,0.0,0.0,normal,513af9466d95
94.21902894973755,27.0852561628322,53.4,11.62067123706716,0.0,0.0,13.266959062662702,1.0,0.0,0.0,normal,c78b62e0d104
94.27303075790405,27.114492494326516,53.4,11.62067123706716,0.0,0.0,13.259359436635036,1.0,0.0,0.0,normal,c78b62e0d104
105.82545068528917,33.68497530273201,60.5,18.35347378563524,0.0,0.0,10.499469682537974,1.0,0.0,0.0,normal,c78b62e0d104
105.90712229410808,33.679369656073376,60.5,18.35347378563524,0.0,0.0,10.491372884493204,1.0,0.0,0.0,normal,c78b62e0d104
114.90293911525181,39.04600884639501,66.93333333333334,21.339998958658725,0.0,0.0,9.324640254448928,1.0,0.0,0.0,normal,c78b62e0d104
114.93257113865444,39.109174018942355,66.93333333333334,21.339998958658725,0.0,0.0,9.322236166943503,1.0,0.0,0.0,normal,c78b62e0d104
109.14669538799085,36.12530211996978,68.45,21.578866976743704,0.0,0.0,9.644191014721157,1.0,0.0,0.0,normal,c78b62e0d104
109.16447639465332,36.18912462668854,68.45,21.578866976743704,0.0,0.0,9.642620142672387,1.0,0.0,0.0,normal,c78b62e0d104
119.66621248345626,38.46175399546029,74.0,22.651710752170573,0.0,0.0,8.796397555349165,1.0,0.0,0.0,normal,c78b62e0d104
119.69721944708573,38.578754376894295,74.0,22.651710752170573,0.0,0.0,8.794118892734202,1.0,0.0,0.0,normal,c78b62e0d104
121.33653540360301,37.74589317394476,76.4,20.955667491158568,0.0,0.0,8.675306044020367,1.0,0.0,0.0,normal,c78b62e0d104
121.37125667772796,37.856636693027866,76.4,20.955667491158568,0.0,0.0,8.672824256424875,1.0,0.0,0.0,normal,c78b62e0d104
134.1327428817749,41.306745692906446,71.4,16.84755175092215,0.0,0.0,9.319126509637954,1.0,0.0,0.0,normal,d0d53c8a3933
134.20403003692627,41.238403862227415,71.4,16.84755175092215,0.0,0.0,9.314176330293973,1.0,0.0,0.0,normal,d0d53c8a3933
134.43276617262097,39.494947451592914,75.4,22.415173432298044,0.0,0.0,8.26518074979107,1.0,0.0,0.0,normal,d0d53c8a3933
134.49043697781033,39.56254381223015,75.4,22.415173432298044,0.0,0.0,8.261636560036116,1.0,0.0,0.0,normal,d0d53c8a3933
136.24262809753418,40.73317814076361,75.46666666666667,20.27434065238347,0.0,0.0,7.864121430933869,1.0,0.0,0.0,normal,d0d53c8a3933
136.27449103764124,40.84379086547974,75.46666666666667,20.27434065238347,0.0,0.0,7.8622826859989905,1.0,0.0,0.0,normal,d0d53c8a3933
137.12546699925474,42.42767238334195,74.2,21.3461940401562,0.0,0.0,7.676411989562007,1.0,0.0,0.0,normal,d0d53c8a3933
137.14604628713508,42.51526962420488,74.2,21.3461940401562,0.0,0.0,7.675260114633797,1.0,0.0,0.0,normal,d0d53c8a3933
123.72905015945435,12.48972673226412,90.2,18.4,0.0,0.0,10.102720407124094,1.0,0.0,0.0,normal,7f3b78e5455d
123.79574775695801,12.510764776948335,90.2,18.4,0.0,0.0,10.097277351190304,1.0,0.0,0.0,normal,7f3b78e5455d
137.37389776441785,32.486171107938496,90.4,23.92571838001944,0.0,0.0,8.08822585071112,1.0,0.0,0.0,normal,7f3b78e5455d
137.44632403055826,32.355490818451806,90.4,23.92571838001944,0.0,0.0,8.083963823318252,1.0,0.0,0.0,normal,7f3b78e5455d
124.54707281930106,42.04754039028964,82.33333333333333,23.901650338185622,0.0,0.0,8.60259938009986,1.0,0.0,0.0,normal,7f3b78e5455d
124.5572737285069,42.02571789792561,82.33333333333333,23.901650338185622,0.0,0.0,8.601894850106678,1.0,0.0,0.0,normal,7f3b78e5455d
124.94758555763646,39.125285989387415,78.9,23.85979882563975,0.0,0.0,8.424585191058416,1.0,0.0,0.0,normal,7f3b78e5455d
124.96235496119449,39.11958839123277,78.9,23.85979882563975,0.0,0.0,8.423589482402521,1.0,0.0,0.0,normal,7f3b78e5455d
118.59341671592311,40.75578118853129,74.2,23.506594819326768,0.0,0.0,8.875969746860623,1.0,0.0,0.0,normal,7f3b78e5455d
118.62948066309879,40.7307818824641,74.2,23.506594819326768,0.0,0.0,8.873271408283278,1.0,0.0,0.0,normal,7f3b78e5455d
112.21657301250256,39.86423759064875,70.65,20.90041865609395,0.0,0.0,9.380357559396238,1.0,0.0,0.0,normal,7f3b78e5455d
112.2161589170757,39.927207341417386,70.65,20.90041865609395,0.0,0.0,9.380392174403607,1.0,0.0,0.0,normal,7f3b78e5455d
142.06451177597046,47.47423764114361,65.0,15.658863304850707,0.0,0.0,8.798819524831053,1.0,0.0,0.0,replay,f17f8c13035e
142.16220378875732,47.36632905943305,65.0,15.658863304850707,0.0,0.0,8.792773090781631,1.0,0.0,0.0,replay,f17f8c13035e
108.33366711934407,48.057023316106594,69.9,20.334453521056325,0.0,1.0,10.256378655465184,1.0,0.0,0.0,replay,f17f8c13035e
123.79654248555501,42.8766992998354,71.1,20.007248686413632,0.0,0.0,8.975300026983865,1.0,0.0,0.0,replay,f17f8c13035e
99.39164774758476,47.19614185649698,69.2,19.75921725845097,0.0,2.0,10.77986526744756,1.0,0.0,0.0,replay,f17f8c13035e
119.7432109287807,45.21444835782192,67.33333333333333,20.098645614955142,0.0,0.0,8.947718731760265,1.0,0.0,0.0,replay,f17f8c13035e
105.79751667223479,53.13132697730423,67.9,19.209112420931895,0.0,3.0,9.949492313779594,1.0,0.0,0.0,replay,f17f8c13035e
115.19562570672286,48.02189065505196,66.5,20.905740838343903,0.0,0.0,9.137773873699585,1.0,0.0,0.0,replay,f17f8c13035e
95.25826102808902,49.5781472721904,71.25,22.001988546492793,0.0,3.0,11.050291781381318,1.0,0.0,0.0,replay,f17f8c13035e
132.45850801467896,40.38907390681645,71.6,23.156856436053666,0.0,0.0,9.43691740708325,1.0,0.0,0.0,mitm,2d1f9d3a7c7d
132.49200582504272,40.39779466098525,71.6,23.156856436053666,0.6,0.0,9.434531481473984,1.0,0.0,0.0,mitm,2d1f9d3a7c7d
158.62645043267145,39.06017942221532,77.4,21.251823451177078,0.0,0.0,7.004576526048656,1.0,0.0,0.0,mitm,2d1f9d3a7c7d
158.69288974338107,39.04306078163385,77.4,21.251823451177078,0.5,0.0,7.001643948307107,1.0,0.0,0.0,mitm,2d1f9d3a7c7d
150.06794248308455,43.623760535997256,67.6,22.96606191753388,0.0,0.0,7.139623251310595,1.0,0.0,0.0,mitm,2d1f9d3a7c7d
150.0789267676217,43.61964677838901,67.6,22.96606191753388,0.4,0.0,7.139100701909625,1.0,0.0,0.0,mitm,2d1f9d3a7c7d
146.13679835670874,41.82469421762012,69.85,22.273919726891357,0.0,0.0,7.20305625129391,1.0,0.0,0.0,mitm,2d1f9d3a7c7d
146.1839424936395,41.85318023841233,69.85,22.273919726891357,0.5,0.0,7.200733274745061,1.0,0.0,0.0,mitm,2d1f9d3a7c7d
141.80906195389596,39.52763848240226,70.05,23.253978154285775,0.0,0.0,7.422879500391823,1.0,0.0,0.0,mitm,2d1f9d3a7c7d
141.8382494073165,39.55728668840846,70.05,23.253978154285775,0.35,0.0,7.421352021375625,1.0,0.0,0.0,mitm,2d1f9d3a7c7d
128.84137504979185,42.949853833780125,67.05,25.35049309185129,0.0,0.0,8.16998094393645,1.0,0.0,0.0,mitm,2d1f9d3a7c7d
128.85089924460962,43.009836041110965,67.05,25.35049309185129,0.3,0.0,8.169377048343762,1.0,0.0,0.0,mitm,2d1f9d3a7c7d
137.8042697906494,53.640794156810365,67.8,23.768887226792927,0.0,0.0,9.070836498019872,1.0,0.0,0.0,normal,ddafc5620cdb
137.94201612472534,53.74238229942303,67.8,23.768887226792927,0.0,0.0,9.061778529246423,1.0,0.0,0.0,normal,ddafc5620cdb
139.76099756028918,42.66288962979413,65.1,18.7,0.0,0.0,7.950079997331211,1.0,0.0,0.0,normal,ddafc5620cdb
139.82958263821072,42.685642652428825,65.1,18.7,0.0,0.0,7.946180558844648,1.0,0.0,0.0,normal,ddafc5620cdb
139.6183626992362,38.9897375005518,66.2,18.217939876213592,0.0,0.0,7.673980346959282,1.0,0.0,0.0,normal,ddafc5620cdb
139.6679367337908,39.01116835664289,66.2,18.217939876213592,0.0,0.0,7.671256528051463,1.0,0.0,0.0,normal,ddafc5620cdb
136.1560445082815,41.226811727284215,65.55,19.161093392601583,0.0,0.0,7.731067561112526,1.0,0.0,0.0,normal,ddafc5620cdb
136.19683918200042,41.21970883977285,65.55,19.161093392601583,0.0,0.0,7.728751895194369,1.0,0.0,0.0,normal,ddafc5620cdb
138.39305074591385,36.345312518826105,64.5,20.29655143121609,0.0,0.0,7.606101413863427,1.0,0.0,0.0,normal,ddafc5620cdb
138.4266175721821,36.24413461795817,64.5,20.29655143121609,0.0,0.0,7.604257023751066,1.0,0.0,0.0,normal,ddafc5620cdb
138.98500643278422,40.51291229602057,63.95,21.905421703313543,0.0,0.0,7.573706013075885,1.0,0.0,0.0,normal,ddafc5620cdb
139.00226040890342,40.357572193550666,63.95,21.905421703313543,0.0,0.0,7.572765909351679,1.0,0.0,0.0,normal,ddafc5620cdb
142.60321855545044,48.7389456167546,77.6,22.186482371029438,0.0,0.0,8.76558055745386,1.0,0.0,0.0,replay,1880775aad2b
142.6902413368225,48.74721533628399,77.6,22.186482371029438,0.0,0.0,8.760234675399811,1.0,0.0,0.0,replay,1880775aad2b
109.58976215786404,49.02489889890046,70.3,19.82952344359289,0.0,1.0,10.138822178576824,1.0,0.0,0.0,replay,1880775aad2b
126.40386157565646,41.22803915296074,70.2,19.83834670530788,0.0,0.0,8.790167462139422,1.0,0.0,0.0,replay,1880775aad2b
113.38421276637486,47.864033875930744,70.33333333333333,18.259852743716806,0.0,2.0,9.449539272598923,1.0,0.0,0.0,replay,1880775aad2b
136.53649602617537,38.06854947443912,72.8,18.374620177480313,0.0,0.0,7.847195457712407,1.0,0.0,0.0,replay,1880775aad2b
115.7797888705605,49.69140181368823,72.95,17.290098322450337,0.0,3.0,9.091669532444817,1.0,0.0,0.0,replay,1880775aad2b
133.14777926394814,35.74187273752548,70.3,18.66842253646515,0.0,0.0,7.905738907298359,1.0,0.0,0.0,replay,1880775aad2b
105.42047651190506,45.196008993089634,65.4,19.024720760105783,0.0,3.0,9.98507703414237,1.0,0.0,0.0,replay,1880775aad2b
121.88753328825298,35.175368998992276,69.55,19.33513641017306,0.0,0.0,8.636088946504398,1.0,0.0,0.0,replay,1880775aad2b
99.34441666854055,50.26718655020717,69.75,20.67335241319124,0.0,3.0,10.595779956707982,1.0,0.0,0.0,replay,1880775aad2b
97.45704500298751,49.28803343771932,69.3,22.50799857828323,0.0,3.0,10.800979846198912,1.0,0.0,0.0,replay,1880775aad2b
129.5181952024761,35.884870318267325,70.0,19.846914117816905,0.0,0.0,8.127287268802556,1.0,0.0,0.0,replay,1880775aad2b
102.16430613869115,49.57408806868732,69.8,24.457309745759037,0.0,4.0,10.303320393703737,1.0,0.0,0.0,replay,1880775aad2b
121.5329923127827,36.0476791944468,68.55,20.732763925728765,0.0,0.0,8.66128249552409,1.0,0.0,0.0,replay,1880775aad2b
151.29601955413818,49.197403816711024,37.6,4.17612260356422,0.0,1.0,8.261949016792958,1.0,0.0,0.0,replay,b0d89557976d
152.7630090713501,49.40846411111006,41.8,9.987992791347018,0.0,0.0,8.182609177436207,1.0,0.0,0.0,replay,b0d89557976d
131.30611843532986,60.185706201585305,63.0,28.397182958878158,0.0,1.0,8.461990380580394,1.0,0.0,0.0,replay,b0d89557976d
151.28877427842883,42.142154779546225,62.6,28.758303148829903,0.0,0.0,7.344306386316837,1.0,0.0,0.0,replay,b0d89557976d
116.6219881602696,57.92612145455193,64.73333333333333,28.13886201600121,0.0,2.0,9.187191783732446,1.0,0.0,0.0,replay,b0d89557976d
129.4618504387992,45.91577917136091,64.0,28.01904114466922,0.0,0.0,8.276017744200795,1.0,0.0,0.0,replay,b0d89557976d
107.36294796592311,58.834583272273555,62.4,25.92373429890069,0.0,3.0,9.804421347311296,1.0,0.0,0.0,replay,b0d89557976d
127.36226383008454,44.146408086866984,61.5,25.939352343495393,0.0,0.0,8.264862348487274,1.0,0.0,0.0,replay,b0d89557976d
100.04409990812603,51.80423189209031,65.95,23.917514502974594,0.0,3.0,10.521675740138964,1.0,0.0,0.0,replay,b0d89557976d
114.4019365310669,38.8299667356544,66.0,17.776388834631177,0.0,0.0,10.92638846773849,1.0,0.0,0.0,mitm,a7b654951a30
114.45623636245728,38.86773081246744,66.0,17.776388834631177,0.4,0.0,10.92120481789677,1.0,0.0,0.0,mitm,a7b654951a30
133.63210360209146,37.89135587203132,69.5,20.11591409804685,0.0,0.0,8.314701940333155,1.0,0.0,0.0,mitm,a7b654951a30
133.6727672153049,37.88377664120784,69.5,20.11591409804685,0.3,0.0,8.312172585770291,1.0,0.0,0.0,mitm,a7b654951a30
137.81419822147913,39.21568889996346,71.73333333333333,19.20578616516966,0.0,0.0,7.774442584694318,1.0,0.0,0.0,mitm,a7b654951a30
137.8446306501116,39.247120003269565,71.73333333333333,19.20578616516966,0.26666666666666666,0.0,7.772726194523733,1.0,0.0,0.0,mitm,a7b654951a30
140.51931782772667,37.93484836458352,66.95,18.95910071706989,0.0,0.0,7.491009743143428,1.0,0.0,0.0,mitm,a7b654951a30
140.53716157612047,37.959725810514435,66.95,18.95910071706989,0.25,0.0,7.490058623229142,1.0,0.0,0.0,mitm,a7b654951a30
143.7376298402485,43.913189313390845,71.5,20.59732992404598,0.0,0.0,7.323284654945779,1.0,0.0,0.0,mitm,a7b654951a30
143.75357878835578,43.92803750083761,71.5,20.59732992404598,0.25,0.0,7.322472162568748,1.0,0.0,0.0,mitm,a7b654951a30
147.10230576364617,41.50656504995747,73.65,21.464563820399427,0.0,0.0,7.155778921906664,1.0,0.0,0.0,mitm,a7b654951a30
147.1173135857833,41.47977321193922,73.65,21.464563820399427,0.25,0.0,7.155048942173517,1.0,0.0,0.0,mitm,a7b654951a30
140.89524745941162,55.31435652587445,78.0,21.118712081942874,0.0,0.0,8.871839345469006,1.0,0.0,0.0,normal,b53426b3f285
141.00176095962524,55.42802549269516,78.0,21.118712081942874,0.0,0.0,8.865137509579952,1.0,0.0,0.0,normal,b53426b3f285
133.70365566677518,48.332841353633675,77.1,20.383571816538925,0.0,0.0,8.310252293178083,1.0,0.0,0.0,normal,b53426b3f285
133.77311494615344,48.45574595447707,77.1,20.383571816538925,0.0,0.0,8.305937344423484,1.0,0.0,0.0,normal,b53426b3f285
136.84443065098353,42.6377618162307,74.33333333333333,21.785826177178183,0.0,0.0,7.829537280630798,1.0,0.0,0.0,normal,b53426b3f285
136.89708709716797,42.73762893499712,74.33333333333333,21.785826177178183,0.0,0.0,7.8265257073591625,1.0,0.0,0.0,normal,b53426b3f285
130.99020405819542,43.56841242061045,76.05,21.923674418308625,0.0,0.0,8.03595647869754,1.0,0.0,0.0,normal,b53426b3f285
131.0074203892758,43.65463559662958,76.05,21.923674418308625,0.0,0.0,8.034900434033249,1.0,0.0,0.0,normal,b53426b3f285
132.70193652102822,44.341307586965854,72.75,22.18529918662356,0.0,0.0,7.932300059393378,1.0,0.0,0.0,normal,b53426b3f285
132.71757176047876,44.394193262302686,72.75,22.18529918662356,0.0,0.0,7.931365568133652,1.0,0.0,0.0,normal,b53426b3f285
131.9422721862793,30.578462793744222,65.2,22.973027662891976,0.0,0.0,9.473840182433873,1.0,0.0,0.0,mitm,4f3a9df2a4b8
132.04771280288696,30.478112328326176,65.2,22.973027662891976,0.6,0.0,9.466275283888683,1.0,0.0,0.0,mitm,4f3a9df2a4b8
124.3191295199924,29.94904490807941,60.4,21.726481537515458,0.0,0.0,8.937571517764107,1.0,0.0,0.0,mitm,4f3a9df2a4b8
124.4014369116889,29.761501108097,60.4,21.726481537515458,0.3,0.0,8.931658176101902,1.0,0.0,0.0,mitm,4f3a9df2a4b8
132.27616037641252,38.230557409888355,63.06666666666667,25.955003799310497,0.0,0.0,8.099937043679327,1.0,0.0,0.0,mitm,4f3a9df2a4b8
132.29714121137346,38.089478487535814,63.06666666666667,25.955003799310497,0.2,0.0,8.098652484990067,1.0,0.0,0.0,mitm,4f3a9df2a4b8
131.81942387631065,44.30426703447111,65.9,25.27627345951139,0.0,0.0,7.98540570117404,1.0,0.0,0.0,mitm,4f3a9df2a4b8
131.85877549020867,44.180439058266245,65.9,25.27627345951139,0.3,0.0,7.983022556018904,1.0,0.0,0.0,mitm,4f3a9df2a4b8
126.3191072564376,47.69643195820973,68.75,23.55605017824508,0.0,0.0,8.333114457581184,1.0,0.0,0.0,mitm,4f3a9df2a4b8
126.34146840948807,47.565439267264146,68.75,23.55605017824508,0.15,0.0,8.331639581199589,1.0,0.0,0.0,mitm,4f3a9df2a4b8
127.80889711881939,52.22811234282264,70.3,21.80848458742606,0.0,0.0,8.23598045736029,1.0,0.0,0.0,mitm,4f3a9df2a4b8
127.84646686754729,52.11480957366071,70.3,21.80848458742606,0.3,0.0,8.233560181509949,1.0,0.0,0.0,mitm,4f3a9df2a4b8
82.94880390167236,31.15111996462339,62.0,20.75572210259137,0.0,0.0,15.069536162109726,1.0,0.0,0.0,normal,f7d96520ceb2
83.01854133605957,31.228090837021004,62.0,20.75572210259137,0.0,0.0,15.056877414166943,1.0,0.0,0.0,normal,f7d96520ceb2
101.04656219482422,37.28915973285613,66.7,21.004999404903586,0.0,0.0,10.996030809725303,1.0,0.0,0.0,normal,f7d96520ceb2
101.09535853068034,37.26805436665402,66.7,21.004999404903586,0.0,0.0,10.990723286014283,1.0,0.0,0.0,normal,f7d96520ceb2
110.57179314749581,35.30127126945434,67.0,20.50690940471853,0.0,0.0,9.689890531117218,1.0,0.0,0.0,normal,f7d96520ceb2
110.59543064662388,35.27678164564528,67.0,20.50690940471853,0.0,0.0,9.687819516269306,1.0,0.0,0.0,normal,f7d96520ceb2
115.0940593920256,39.065655780338176,71.9,21.20353744071965,0.0,0.0,9.145837626266756,1.0,0.0,0.0,normal,f7d96520ceb2
115.13653554414448,39.08998820940705,71.9,21.20353744071965,0.0,0.0,9.142463545325098,1.0,0.0,0.0,normal,f7d96520ceb2
130.05410997491134,39.708261428128665,72.25,20.415374108744615,0.0,0.0,8.093797106069397,1.0,0.0,0.0,normal,f7d96520ceb2
130.06557916340074,39.7870828514994,72.25,20.415374108744615,0.0,0.0,8.093083394684712,1.0,0.0,0.0,normal,f7d96520ceb2
127.03963329917507,47.76263556502261,74.75,21.872071232510194,0.0,0.0,8.285851837028277,1.0,0.0,0.0,normal,f7d96520ceb2
127.05836798015393,47.901429855449095,74.75,21.872071232510194,0.0,0.0,8.284630093090648,1.0,0.0,0.0,normal,f7d96520ceb2
90.89875221252441,12.662816221864215,74.0,21.307275752662516,0.0,0.0,13.751563905711896,1.0,0.0,0.0,normal,70b0c9550ea1
91.04198217391968,12.659425919206317,74.0,21.307275752662516,0.0,0.0,13.729929535278517,1.0,0.0,0.0,normal,70b0c9550ea1
108.1865628560384,33.04670586710899,75.7,18.92643653728826,0.0,0.0,10.270324537342436,1.0,0.0,0.0,normal,70b0c9550ea1
108.2248952653673,33.06226310256183,75.7,18.92643653728826,0.0,0.0,10.266686868919283,1.0,0.0,0.0,normal,70b0c9550ea1
115.17892565046039,34.80635997538512,72.26666666666667,19.498603938629955,0.0,0.0,9.302296972973101,1.0,0.0,0.0,normal,70b0c9550ea1
115.19236224038261,34.78916713152787,72.26666666666667,19.498603938629955,0.0,0.0,9.301211908413874,1.0,0.0,0.0,normal,70b0c9550ea1
120.5498921243768,36.25730159851079,70.0,19.809088823063014,0.0,0.0,8.731916390778025,1.0,0.0,0.0,normal,70b0c9550ea1
120.58210372924805,36.209873016788706,70.0,19.809088823063014,0.0,0.0,8.729583797201949,1.0,0.0,0.0,normal,70b0c9550ea1
123.61132471184982,37.95403554257815,69.15,17.88651726860207,0.0,0.0,8.515656485367796,1.0,0.0,0.0,normal,70b0c9550ea1
123.64642243636281,37.98311172098916,69.15,17.88651726860207,0.0,0.0,8.513239268925286,1.0,0.0,0.0,normal,70b0c9550ea1
127.36430921052632,40.47515918171822,69.2,18.26636252788168,0.0,0.0,8.264729620661823,1.0,0.0,0.0,normal,70b0c9550ea1
127.38093576933208,40.520262355866144,69.2,18.26636252788168,0.0,0.0,8.263650856306532,1.0,0.0,0.0,normal,70b0c9550ea1
127.04968452453613,38.524729734691746,71.1,20.598300900802474,0.0,0.0,8.285196322105639,1.0,0.0,0.0,normal,70b0c9550ea1
127.08884791324013,38.61700282072404,71.1,20.598300900802474,0.0,0.0,8.282643176260198,1.0,0.0,0.0,normal,70b0c9550ea1
116.19949340820312,49.55950075329668,69.8,16.78570820668583,0.0,0.0,10.757361872558354,1.0,0.0,0.0,normal,e44db4b587bd
116.33795499801636,49.43358014091425,69.8,16.78570820668583,0.0,0.0,10.744558815919648,1.0,0.0,0.0,normal,e44db4b587bd
118.58057975769043,54.01336292832256,63.0,17.406895185529212,0.0,0.0,9.370093428296391,1.0,0.0,0.0,normal,e44db4b587bd
118.61263381110297,53.9925750305111,63.0,17.406895185529212,0.0,0.0,9.367561240403916,1.0,0.0,0.0,normal,e44db4b587bd
126.04587418692452,53.59902365306547,62.266666666666666,17.132684812629016,0.0,0.0,8.500306561717805,1.0,0.0,0.0,normal,e44db4b587bd
126.0737691606794,53.58087485244157,62.266666666666666,17.132684812629016,0.0,0.0,8.49842579119729,1.0,0.0,0.0,normal,e44db4b587bd
131.0754324260511,52.85704444920141,64.0,21.090282122342508,0.0,0.0,8.030731308410768,1.0,0.0,0.0,normal,e44db4b587bd
131.10455713774027,52.83348925676092,64.0,21.090282122342508,0.0,0.0,8.02894729159917,1.0,0.0,0.0,normal,e44db4b587bd
134.5623166937577,51.362965989389245,64.55,22.13023949260378,0.0,0.0,7.822632701419591,1.0,0.0,0.0,normal,e44db4b587bd
134.5723177257337,51.35201937130174,64.55,22.13023949260378,0.0,0.0,7.822051345602098,1.0,0.0,0.0,normal,e44db4b587bd
109.64775085449219,43.30001196710343,70.0,24.39672109116305,0.0,0.0,11.400142640944908,1.0,0.0,0.0,mitm,575a95e4556b
109.76499319076538,43.43231984285646,70.0,24.39672109116305,0.4,0.0,11.387965904826963,1.0,0.0,0.0,mitm,575a95e4556b
116.68242348564996,44.73756609426952,68.6,20.2,0.0,0.0,9.52252342657041,1.0,0.0,0.0,mitm,575a95e4556b
116.70255661010742,44.70220389788033,68.6,20.2,0.6,0.0,9.520880633517153,1.0,0.0,0.0,mitm,575a95e4556b
125.99490370069232,47.4071815533573,66.13333333333334,21.755816591329214,0.0,0.0,8.503745309999266,1.0,0.0,0.0,mitm,575a95e4556b
126.02284976414272,47.43010140697299,66.13333333333334,21.755816591329214,0.5333333333333333,0.0,8.501859570973018,1.0,0.0,0.0,mitm,575a95e4556b
129.42004203796387,43.34467247699779,80.4,19.06410239166796,0.0,0.0,9.658473141534964,1.0,0.0,0.0,normal,721c03f8ccd8
129.50676679611206,43.4167507756458,80.4,19.06410239166796,0.0,0.0,9.65200530384584,1.0,0.0,0.0,normal,721c03f8ccd8
121.05443742540147,49.51645851023973,81.3,21.963833909406617,0.0,0.0,9.178607036159427,1.0,0.0,0.0,normal,721c03f8ccd8
121.09335263570149,49.62931347705952,81.3,21.963833909406617,0.0,0.0,9.17565734969606,1.0,0.0,0.0,normal,721c03f8ccd8
132.02035427093506,43.745941874107714,75.46666666666667,24.757131408052015,0.0,0.0,8.115631694411016,1.0,0.0,0.0,normal,721c03f8ccd8
132.0739984512329,43.87414756076705,75.46666666666667,24.757131408052015,0.0,0.0,8.112335387681826,1.0,0.0,0.0,normal,721c03f8ccd8
134.09142745168586,43.34602789987916,72.15,23.88990372521413,0.0,0.0,7.850103462629178,1.0,0.0,0.0,normal,721c03f8ccd8
134.1280560744436,43.40567640737695,72.15,23.88990372521413,0.0,0.0,7.847959701757982,1.0,0.0,0.0,normal,721c03f8ccd8
142.86231994628906,43.41961426121896,67.8,25.39606268695996,0.0,0.0,7.368154033499658,1.0,0.0,0.0,normal,721c03f8ccd8
142.87268488030685,43.43723702123929,67.8,25.39606268695996,0.0,0.0,7.3676194986412,1.0,0.0,0.0,normal,721c03f8ccd8
144.5733622500771,35.6932490288396,65.3,23.964765803153597,0.0,0.0,7.280951086456503,1.0,0.0,0.0,normal,721c03f8ccd8
144.57989993848298,35.669560441357454,65.3,23.964765803153597,0.0,0.0,7.280621852658983,1.0,0.0,0.0,normal,721c03f8ccd8
141.5964961051941,43.19501273349187,66.4,12.924395537122809,0.0,0.0,8.827902062430676,1.0,0.0,0.0,mitm,6687a13c2dfb
141.67028665542603,43.23269759066295,66.4,12.924395537122809,0.4,0.0,8.823303951097953,1.0,0.0,0.0,mitm,6687a13c2dfb
136.80712381998697,33.91613251444686,69.2,17.747112441183212,0.0,0.0,8.12173430802572,1.0,0.0,0.0,mitm,6687a13c2dfb
136.8524498409695,33.969003319846664,69.2,17.747112441183212,0.2,0.0,8.119044360567068,1.0,0.0,0.0,mitm,6687a13c2dfb
138.62299919128418,30.380053696326204,66.86666666666666,18.380666170976745,0.0,0.0,7.729082314473086,1.0,0.0,0.0,mitm,6687a13c2dfb
138.643707547869,30.426711316028975,66.86666666666666,18.380666170976745,0.3333333333333333,0.0,7.727927869057045,1.0,0.0,0.0,mitm,6687a13c2dfb
142.54700510125411,37.07659629200834,66.3,16.547205202087753,0.0,0.0,7.384452435178573,1.0,0.0,0.0,mitm,6687a13c2dfb
142.56504962318823,37.13168964126942,66.3,16.547205202087753,0.35,0.0,7.383517781739387,1.0,0.0,0.0,mitm,6687a13c2dfb
143.4519039957147,33.79714022773888,68.25,20.505791864739095,0.0,0.0,7.33787108868777,1.0,0.0,0.0,mitm,6687a13c2dfb
143.47232015509354,33.87701797497345,68.25,20.505791864739095,0.3,0.0,7.336826907165605,1.0,0.0,0.0,mitm,6687a13c2dfb
127.10630893707275,43.59307292382771,68.6,20.34305778392226,0.0,0.0,9.834287616823525,1.0,0.0,0.0,normal,7e32ad4a937e
127.18647718429565,43.704088426134994,68.6,20.34305778392226,0.0,0.0,9.828088863478198,1.0,0.0,0.0,normal,7e32ad4a937e
133.26279322306314,37.29426104336462,70.8,19.913814300630605,0.0,0.0,8.337744423916341,1.0,0.0,0.0,normal,7e32ad4a937e
133.34602779812283,37.37995343855049,70.8,19.913814300630605,0.0,0.0,8.332540004815597,1.0,0.0,0.0,normal,7e32ad4a937e
129.76186616080147,33.13271349462045,66.8,21.2075458268985,0.0,0.0,8.256883190172777,1.0,0.0,0.0,normal,7e32ad4a937e
129.7717264720372,33.2283805861222,66.8,21.2075458268985,0.0,0.0,8.256255815934141,1.0,0.0,0.0,normal,7e32ad4a937e
143.22823286056519,31.29084210246284,57.0,9.273618495495704,0.0,0.0,8.727329626533153,1.0,0.0,0.0,normal,b99c10bdbd6f
143.2676911354065,31.295334037774303,57.0,9.273618495495704,0.0,0.0,8.7249259766362,1.0,0.0,0.0,normal,b99c10bdbd6f
150.04388491312662,32.18879550785086,63.0,23.7823463939116,0.0,0.0,7.405240885054591,1.0,0.0,0.0,normal,b99c10bdbd6f
150.06332927280002,32.19606229729473,63.0,23.7823463939116,0.0,0.0,7.404281355714979,1.0,0.0,0.0,normal,b99c10bdbd6f
145.48722335270472,38.28558932513364,68.13333333333334,25.974004098114886,0.0,0.0,7.36441693461361,1.0,0.0,0.0,normal,b99c10bdbd6f
145.50142628805978,38.290660184010726,68.13333333333334,25.974004098114886,0.0,0.0,7.363698066487584,1.0,0.0,0.0,normal,b99c10bdbd6f
139.7565665997957,39.438820136348305,66.2,24.61016050333683,0.0,0.0,7.5318935242711325,1.0,0.0,0.0,normal,b99c10bdbd6f
139.77326844867906,39.450850327817875,66.2,24.61016050333683,0.0,0.0,7.530993519936653,1.0,0.0,0.0,normal,b99c10bdbd6f
127.00058284558747,41.36076588842233,70.05,26.611040941684337,0.0,0.0,8.288399591261728,1.0,0.0,0.0,normal,b99c10bdbd6f
127.00725856580232,41.37016721222874,70.05,26.611040941684337,0.0,0.0,8.287963938706708,1.0,0.0,0.0,normal,b99c10bdbd6f
118.71999502182007,51.0536646752322,70.2,22.745549015137005,0.0,0.0,10.528976182742065,1.0,0.0,0.0,normal,a6bab3ac48f9
118.77799034118652,51.012962684381556,70.2,22.745549015137005,0.0,0.0,10.523835235883427,1.0,0.0,0.0,normal,a6bab3ac48f9
138.19721009996204,44.755437571400556,58.8,22.40892679268688,0.0,0.0,8.04004010144208,1.0,0.0,0.0,normal,a6bab3ac48f9
138.22333017985025,44.700506499164796,58.8,22.40892679268688,0.0,0.0,8.03852077406456,1.0,0.0,0.0,normal,a6bab3ac48f9
139.24263204847063,48.542190158331294,59.86666666666667,23.20593793742359,0.0,0.0,7.694687723624795,1.0,0.0,0.0,normal,a6bab3ac48f9
139.27435874938965,48.531418313155505,59.86666666666667,23.20593793742359,0.0,0.0,7.692934873651083,1.0,0.0,0.0,normal,a6bab3ac48f9
138.68040787546258,44.45399909588769,64.35,26.0639118322634,0.0,0.0,7.590340950631252,1.0,0.0,0.0,normal,a6bab3ac48f9
138.70037229437577,44.47238821789559,64.35,26.0639118322634,0.0,0.0,7.58924840312092,1.0,0.0,0.0,normal,a6bab3ac48f9
136.7027759552002,37.90138951781744,67.8,27.13595400939499,0.0,0.0,7.700147795772147,1.0,0.0,0.0,normal,a6bab3ac48f9
136.71690539309853,37.92728973315371,67.8,27.13595400939499,0.0,0.0,7.699351999818636,1.0,0.0,0.0,normal,a6bab3ac48f9
121.79499864578247,47.81846229504543,69.4,26.605262637305426,0.0,0.0,10.263147205538273,1.0,0.0,0.0,replay,09a4df87121b
121.9407320022583,47.67636525018733,69.4,26.605262637305426,0.0,0.0,10.250881551021445,1.0,0.0,0.0,replay,09a4df87121b
128.122435675727,42.591717641036006,67.8,26.772373820787728,0.0,1.0,8.672260289550621,1.0,0.0,0.0,replay,09a4df87121b
136.34202215406629,47.69266793319234,67.0,25.748786379167466,0.0,0.0,8.149439868623608,1.0,0.0,0.0,replay,09a4df87121b
120.5754109791347,49.898868873875024,74.93333333333334,25.18588670046955,0.0,2.0,8.885962425738526,1.0,0.0,0.0,replay,09a4df87121b
138.34765979221888,39.72872127400908,72.6,23.720033726788838,0.0,0.0,7.74446472775705,1.0,0.0,0.0,replay,09a4df87121b
111.91373122365852,51.48130689006063,79.85,24.216265195112147,0.0,3.0,9.405741077863755,1.0,0.0,0.0,replay,09a4df87121b
136.38758659362793,40.98594752002552,73.45,24.9067761864116,0.0,0.0,7.7179427045932325,1.0,0.0,0.0,replay,09a4df87121b
110.08656652350174,56.06968722363665,81.5,24.069690484092227,0.0,3.0,9.561853114227594,1.0,0.0,0.0,replay,09a4df87121b
127.87968234012001,38.040390151384486,76.55,22.001079518969064,0.0,0.0,8.23142159633848,1.0,0.0,0.0,replay,09a4df87121b
100.3388856586657,50.7104527669329,84.75,18.713297411199342,0.0,3.0,10.490764094473064,1.0,0.0,0.0,replay,09a4df87121b
95.65946930333187,43.01450845808729,77.95,21.134036528784556,0.0,3.0,11.003945418195046,1.0,0.0,0.0,replay,09a4df87121b
119.34324314719753,33.53378032040486,75.75,20.35405365031742,0.0,0.0,8.820202561858123,1.0,0.0,0.0,replay,09a4df87121b
116.44953489303589,42.101420613712044,84.6,15.14727698300919,0.0,0.0,10.734263568748307,1.0,0.0,0.0,replay,542d00535ae2
116.50729179382324,42.116034331892585,84.6,15.14727698300919,0.0,0.0,10.728942203995768,1.0,0.0,0.0,replay,542d00535ae2
102.10879643758138,51.51588468755103,74.8,22.67068591816313,0.0,1.0,10.881639485294766,1.0,0.0,0.0,replay,542d00535ae2
114.53591452704535,40.6117743596136,74.2,22.121482771279144,0.0,0.0,9.700984321810646,1.0,0.0,0.0,replay,542d00535ae2
99.93428843361991,44.39716743377415,73.73333333333333,20.3845257214606,0.0,2.0,10.721330868736354,1.0,0.0,0.0,replay,542d00535ae2
118.05072852543422,51.13796448181961,70.4,21.007300318381386,0.0,0.0,9.076001349688667,1.0,0.0,0.0,replay,542d00535ae2
100.60196173818488,50.974477501724984,71.4,19.943419967498052,0.0,3.0,10.463330543064624,1.0,0.0,0.0,replay,542d00535ae2
120.4936378880551,47.42828933842758,71.25,21.283503001150915,0.0,0.0,8.735993015044647,1.0,0.0,0.0,replay,542d00535ae2
99.11406667608964,54.32321217610953,67.65,21.114627631099726,0.0,3.0,10.62040550094093,1.0,0.0,0.0,replay,542d00535ae2
121.65752210115132,43.377059790544585,67.1,21.10663402819123,0.0,0.0,8.652416724977886,1.0,0.0,0.0,replay,542d00535ae2
100.9225845336914,46.69732214835154,69.8,19.012101409365563,0.0,3.0,10.430089397839033,1.0,0.0,0.0,replay,542d00535ae2
117.52788644087941,41.83845655567319,72.5,19.883410170290205,0.0,0.0,8.956440984556277,1.0,0.0,0.0,replay,542d00535ae2
93.30489760950992,42.962561672007695,73.2,19.70685160039523,0.0,3.0,11.28163264647408,1.0,0.0,0.0,replay,542d00535ae2
105.67558439154374,47.70871871123847,79.15,19.71363741170056,0.0,2.0,9.960972394978315,1.0,0.0,0.0,replay,542d00535ae2
127.86597013473511,18.49558337131855,88.4,17.692936443677176,0.0,0.0,9.77586138581554,1.0,0.0,0.0,mitm,c9714874915c
128.0079483985901,18.474949671523632,88.4,17.692936443677176,0.2,0.0,9.765018622966759,1.0,0.0,0.0,mitm,c9714874915c
124.60509936014812,41.88667694776006,78.7,23.622235287965445,0.0,0.0,8.917059709568136,1.0,0.0,0.0,mitm,c9714874915c
124.68796306186252,41.8497381678271,78.7,23.622235287965445,0.4,0.0,8.911133711919296,1.0,0.0,0.0,mitm,c9714874915c
129.99299594334192,43.22763768169333,76.6,23.996666435153028,0.0,0.0,8.242202309850283,1.0,0.0,0.0,mitm,c9714874915c
130.02255984715052,43.12431334710354,76.6,23.996666435153028,0.3333333333333333,0.0,8.240328237562014,1.0,0.0,0.0,mitm,c9714874915c
132.5154179020932,42.563322673911955,76.0,21.398598084921357,0.0,0.0,7.943464961375949,1.0,0.0,0.0,mitm,c9714874915c
132.5539413251375,42.46934021512362,76.0,21.398598084921357,0.35,0.0,7.941156395835872,1.0,0.0,0.0,mitm,c9714874915c
99.08771514892578,25.71056051640573,70.4,9.891410415102591,0.0,0.0,12.615085514095147,1.0,0.0,0.0,normal,ab3d3b8172f3
99.18099641799927,25.767724003936326,70.4,9.891410415102591,0.0,0.0,12.603220830045535,1.0,0.0,0.0,normal,ab3d3b8172f3
118.67133776346843,40.64361444480305,69.1,16.63400132259223,0.0,0.0,9.362927325600214,1.0,0.0,0.0,normal,ab3d3b8172f3
118.7126636505127,40.65486093556452,69.1,16.63400132259223,0.0,0.0,9.359667932160939,1.0,0.0,0.0,normal,ab3d3b8172f3
119.21077115195138,39.39039637117743,64.0,17.693690024035877,0.0,0.0,8.987682581659342,1.0,0.0,0.0,normal,ab3d3b8172f3
119.2394324711391,39.21642033523865,64.0,17.693690024035877,0.0,0.0,8.985522232235564,1.0,0.0,0.0,normal,ab3d3b8172f3
121.7280438071803,37.15731620404311,65.95,19.599681119854985,0.0,0.0,8.647404049429714,1.0,0.0,0.0,normal,ab3d3b8172f3
121.74738080878006,37.03246064969331,65.95,19.599681119854985,0.0,0.0,8.646030591825722,1.0,0.0,0.0,normal,ab3d3b8172f3
127.58237437198036,37.59507686769617,65.3,20.77281877839404,0.0,0.0,8.25060345622904,1.0,0.0,0.0,normal,ab3d3b8172f3
127.59115821436832,37.458476123468444,65.3,20.77281877839404,0.0,0.0,8.250035454485195,1.0,0.0,0.0,normal,ab3d3b8172f3
134.03700527391936,36.76588327092787,60.85,20.811715450678253,0.0,0.0,7.853290789332394,1.0,0.0,0.0,normal,ab3d3b8172f3
134.07805091456362,36.626361588991045,60.85,20.811715450678253,0.0,0.0,7.850886642274653,1.0,0.0,0.0,normal,ab3d3b8172f3
120.3797459602356,29.8388664244749,77.4,21.712669112755346,0.0,0.0,10.383806594947508,1.0,0.0,0.0,normal,375a56ffa07e
120.52500247955322,29.97954857553324,77.4,21.712669112755346,0.0,0.0,10.371292049648035,1.0,0.0,0.0,normal,375a56ffa07e
126.49276521470811,33.38308141540582,69.2,23.137847782367313,0.0,0.0,8.78398941809136,1.0,0.0,0.0,normal,375a56ffa07e
126.55954890780978,33.43733528157562,69.2,23.137847782367313,0.0,0.0,8.779354230477557,1.0,0.0,0.0,normal,375a56ffa07e
134.86700398581368,38.3424483272965,71.13333333333334,23.556645677081352,0.0,0.0,7.944334342455418,1.0,0.0,0.0,normal,375a56ffa07e
134.89649977002824,38.34030374656019,71.13333333333334,23.556645677081352,0.0,0.0,7.942597274615312,1.0,0.0,0.0,normal,375a56ffa07e
135.28776168823242,49.22289720481357,71.4,26.333248945012464,0.0,0.0,9.239564498676508,1.0,0.0,0.0,replay,9da84bb4a590
135.37973165512085,49.07907407298885,71.4,26.333248945012464,0.0,0.0,9.233287617856773,1.0,0.0,0.0,replay,9da84bb4a590
116.44223001268175,44.04455131153735,71.2,21.939917957914062,0.0,1.0,9.542166196835115,1.0,0.0,0.0,replay,9da84bb4a590
127.35888693067763,42.72451188292473,67.3,24.421506915012433,0.0,0.0,8.724252683802874,1.0,0.0,0.0,replay,9da84bb4a590
104.49578080858502,39.76388368000869,71.66666666666667,21.971698968344608,0.0,2.0,10.253318967884551,1.0,0.0,0.0,replay,9da84bb4a590
119.80237279619489,41.41871024826468,67.86666666666666,23.391926432472854,0.0,0.0,8.943300090151483,1.0,0.0,0.0,replay,9da84bb4a590
104.95867227253162,44.131899539146204,67.7,21.085777196963836,0.0,3.0,10.029010048966189,1.0,0.0,0.0,replay,9da84bb4a590
151.2731909751892,54.01611962854841,73.0,20.02997753368685,0.0,1.0,8.263195824334904,1.0,0.0,0.0,replay,345a21d6122f
153.656005859375,50.091860182997024,67.4,17.396551382386107,0.0,0.0,8.135054617676266,1.0,0.0,0.0,replay,345a21d6122f
115.78830083211263,58.840127795015974,63.3,19.303108557949933,0.0,1.0,9.596056796119392,1.0,0.0,0.0,replay,345a21d6122f
133.93990198771158,45.03149916049635,63.1,19.00236827345476,0.0,0.0,8.295594476491784,1.0,0.0,0.0,replay,345a21d6122f
121.88114438738141,62.25223542332247,67.6,20.668171988188345,0.0,2.0,8.790765600486916,1.0,0.0,0.0,replay,345a21d6122f
149.2828641619001,42.285360118984144,67.0,20.17589320616727,0.0,0.0,7.177170517485427,1.0,0.0,0.0,replay,345a21d6122f
126.20319818195544,58.9726682305856,66.95,21.164770256253668,0.0,3.0,8.340767857798028,1.0,0.0,0.0,replay,345a21d6122f
147.55526341890035,40.12130877344976,69.15,21.119363153277135,0.0,0.0,7.133812475119996,1.0,0.0,0.0,replay,345a21d6122f
125.20647048950195,54.32604498458574,67.5,22.134814207487715,0.0,3.0,8.407165978180235,1.0,0.0,0.0,replay,345a21d6122f
145.26320758618806,41.58529267703227,71.6,23.79789906693446,0.0,0.0,7.246374332762943,1.0,0.0,0.0,replay,345a21d6122f
119.78257329840409,59.52085243919522,74.85,22.50616582183647,0.0,3.0,8.78785243931133,1.0,0.0,0.0,replay,345a21d6122f
119.34246514972888,57.141347041849876,74.0,22.376326776305355,0.0,3.0,8.820260061049693,1.0,0.0,0.0,replay,345a21d6122f
71.54297828674316,10.809150033571553,74.4,22.473095024940378,0.0,0.0,17.472015142981874,1.0,0.0,0.0,replay,c71e7a872d72
71.60371541976929,10.768291119471304,74.4,22.473095024940378,0.0,0.0,17.45719468147715,1.0,0.0,0.0,replay,c71e7a872d72
67.23398632473416,28.8448829233833,65.2,21.650866033486974,0.0,1.0,16.526033511452727,1.0,0.0,0.0,replay,c71e7a872d72
81.38656616210938,27.995076962843346,69.8,21.32979137263185,0.0,0.0,13.65226674999349,1.0,0.0,0.0,replay,c71e7a872d72
90.8700738634382,47.00531027625642,62.53333333333333,22.97496221735498,0.0,2.0,11.790774738873228,1.0,0.0,0.0,replay,c71e7a872d72
107.32643944876534,47.00627884031682,69.46666666666667,23.932869076277132,0.0,0.0,9.98289495982061,1.0,0.0,0.0,replay,c71e7a872d72
95.49647883365029,51.56007086172989,70.2,23.992915621074484,0.0,3.0,11.022726615721568,1.0,0.0,0.0,replay,c71e7a872d72
144.27804946899414,55.13546660367109,56.0,3.63318042491699,0.0,0.0,8.663826580692923,1.0,0.0,0.0,normal,fd4cbbe94dc6
144.31828260421753,55.095323123728974,56.0,3.63318042491699,0.0,0.0,8.661411274052053,1.0,0.0,0.0,normal,fd4cbbe94dc6
117.44700537787543,49.88187984909113,70.7,21.401168192414172,0.0,0.0,9.460531646049285,1.0,0.0,0.0,normal,fd4cbbe94dc6
117.48234430948894,49.844620016532005,70.7,21.401168192414172,0.0,0.0,9.457685898606705,1.0,0.0,0.0,normal,fd4cbbe94dc6
130.42514664786202,45.90334895413957,69.33333333333333,19.777652933438677,0.0,0.0,8.214892595224347,1.0,0.0,0.0,normal,fd4cbbe94dc6
130.43623311179024,45.86932704046274,69.33333333333333,19.777652933438677,0.0,0.0,8.21419436814236,1.0,0.0,0.0,normal,fd4cbbe94dc6
115.73481559753418,40.11150834477377,61.6,19.744366285095097,0.0,0.0,10.800552915268414,1.0,0.0,0.0,replay,be9832e2717e
115.80967903137207,40.15048066430493,61.6,19.744366285095097,0.0,0.0,10.793571059474083,1.0,0.0,0.0,replay,be9832e2717e
103.30822732713487,36.21772880996737,59.1,14.693195704134618,0.0,1.0,10.755301294568506,1.0,0.0,0.0,replay,be9832e2717e
123.64435195922852,49.48731980857619,61.2,15.164432069813891,0.0,0.0,8.986347483769398,1.0,0.0,0.0,replay,be9832e2717e
106.617842401777,49.03760158867721,61.2,16.597991846405193,0.0,2.0,10.049242671700455,1.0,0.0,0.0,replay,be9832e2717e
117.10807255336216,49.884993102795875,62.53333333333333,20.905714264020947,0.0,0.0,9.149058199556293,1.0,0.0,0.0,replay,be9832e2717e
106.79305227179276,56.051643819521296,63.65,19.448071883865506,0.0,3.0,9.856742143378177,1.0,0.0,0.0,replay,be9832e2717e
128.27811743083754,50.905245610328286,63.3,20.238824076511957,0.0,0.0,8.20585459180055,1.0,0.0,0.0,replay,be9832e2717e
109.50215239273875,60.4179137787008,63.15,19.960648787050985,0.0,4.0,9.612884824144974,1.0,0.0,0.0,replay,be9832e2717e
94.74873542785645,25.67960550951215,66.0,24.649543606322613,0.0,0.0,13.19278821353531,1.0,0.0,0.0,mitm,521e0330d63a
94.89470720291138,25.60890394358999,66.0,24.649543606322613,0.0,0.0,13.172494408219745,1.0,0.0,0.0,mitm,521e0330d63a
127.94221772087946,44.8492005914389,72.2,24.83867951401604,0.0,0.0,8.684475936904008,1.0,0.0,0.0,mitm,521e0330d63a
127.98235151502821,44.797883142491514,72.2,24.83867951401604,0.2,0.0,8.681752585087015,1.0,0.0,0.0,mitm,521e0330d63a
116.0048416682652,47.04433891164091,71.93333333333334,25.7461108174074,0.0,0.0,9.236067702178298,1.0,0.0,0.0,mitm,521e0330d63a
116.02929660252163,47.02948308246774,71.93333333333334,25.7461108174074,0.3333333333333333,0.0,9.234121060812209,1.0,0.0,0.0,mitm,521e0330d63a
119.28662500883404,41.0786858002901,67.65,24.226586635347537,0.0,0.0,8.824388977971449,1.0,0.0,0.0,mitm,521e0330d63a
119.29458066036827,41.06242588944619,67.65,24.226586635347537,0.25,0.0,8.823800487167235,1.0,0.0,0.0,mitm,521e0330d63a
139.2716734032882,42.24277509272197,64.9,25.11752376330119,0.0,0.0,7.55811683183607,1.0,0.0,0.0,mitm,521e0330d63a
139.283255526894,42.24462039809108,64.9,25.11752376330119,0.3,0.0,7.55748833530185,1.0,0.0,0.0,mitm,521e0330d63a
151.32999420166016,44.91668364434706,72.6,24.686838598735157,0.0,1.0,8.260094151158613,1.0,0.0,0.0,replay,f9e329d45848
160.76725721359253,47.52344157280051,77.0,22.090722034374522,0.0,0.0,7.775215063470743,1.0,0.0,0.0,replay,f9e329d45848
134.293794631958,53.836840959858264,79.8,20.1037309970065,0.0,2.0,8.273733824829305,1.0,0.0,0.0,replay,f9e329d45848
144.92344856262207,48.07563451372852,76.5,21.83689538373072,0.0,0.0,7.666882910469765,1.0,0.0,0.0,replay,f9e329d45848
119.01814596993583,55.2102440596811,71.4,23.87969849055888,0.0,2.0,9.002228716444767,1.0,0.0,0.0,replay,f9e329d45848
131.86872005462646,44.39571711845425,75.2,24.48727560727544,0.0,0.0,8.124963759295861,1.0,0.0,0.0,replay,f9e329d45848
104.52490103872199,53.970749994839935,72.8,23.940760221847594,0.0,3.0,10.070629758907053,1.0,0.0,0.0,replay,f9e329d45848
136.15775108337402,39.659077661186586,77.6,22.1142488002645,0.0,0.0,9.180527660409009,1.0,0.0,0.0,normal,a627b3d173ba
136.19351387023926,39.69589035586522,77.6,22.1142488002645,0.0,0.0,9.178116963712084,1.0,0.0,0.0,normal,a627b3d173ba
147.4695470598009,40.44442253830236,68.1,22.273077919317753,0.0,0.0,7.534512265508896,1.0,0.0,0.0,normal,a627b3d173ba
147.54645029703775,40.34754096173815,68.1,22.273077919317753,0.0,0.0,7.530585174189166,1.0,0.0,0.0,normal,a627b3d173ba
153.830919946943,35.799085968368615,69.86666666666666,21.12775951733222,0.0,0.0,6.964975388550703,1.0,0.0,0.0,normal,a627b3d173ba
153.88623305729456,35.38143374940233,69.86666666666666,21.12775951733222,0.0,0.0,6.962471886810431,1.0,0.0,0.0,normal,a627b3d173ba
148.78472528959574,34.97357386543112,69.3,20.344778199823168,0.0,0.0,7.0748632085620216,1.0,0.0,0.0,normal,a627b3d173ba
148.79452554803146,34.65597103374176,69.3,20.344778199823168,0.0,0.0,7.074397227118244,1.0,0.0,0.0,normal,a627b3d173ba
144.7870982320685,33.94375731085392,68.2,20.862885706440515,0.0,0.0,7.270202882719448,1.0,0.0,0.0,normal,a627b3d173ba
144.80767751994887,33.63193208531264,68.2,20.862885706440515,0.0,0.0,7.26916968060866,1.0,0.0,0.0,normal,a627b3d173ba
135.97394290723298,34.61012575443423,75.55,21.462700202910163,0.0,0.0,7.741421307945133,1.0,0.0,0.0,normal,a627b3d173ba
135.97805876480905,34.41021102495261,75.55,21.462700202910163,0.0,0.0,7.741186986409517,1.0,0.0,0.0,normal,a627b3d173ba
117.88779497146606,19.420907092746894,60.4,21.767866225241278,0.0,0.0,10.603302914458226,1.0,0.0,0.0,mitm,116f20a745e9
117.92194843292236,19.3730245104191,60.4,21.767866225241278,0.6,0.0,10.600231904334914,1.0,0.0,0.0,mitm,116f20a745e9
110.45032077365451,28.300838803108547,55.8,21.839413911549915,0.0,0.0,10.059826927873821,1.0,0.0,0.0,mitm,116f20a745e9
110.46632130940755,28.303720554452344,55.8,21.839413911549915,0.3,0.0,10.05836980846837,1.0,0.0,0.0,mitm,116f20a745e9
119.70879350389752,35.76203526234612,62.2,22.44756853945062,0.0,0.0,8.950291286610348,1.0,0.0,0.0,mitm,116f20a745e9
119.71926689147949,35.76246624133027,62.2,22.44756853945062,0.2,0.0,8.949508289252861,1.0,0.0,0.0,mitm,116f20a745e9
125.6894312406841,39.64375396116691,63.75,21.958768180387533,0.0,0.0,8.374861502330075,1.0,0.0,0.0,mitm,116f20a745e9
125.70256935922723,39.654660342497905,63.75,21.958768180387533,0.25,0.0,8.373986182726341,1.0,0.0,0.0,mitm,116f20a745e9
137.54562327736303,39.96705986254308,66.4,21.66887168266959,0.0,0.0,7.652963095922867,1.0,0.0,0.0,mitm,116f20a745e9
137.55605095311216,39.96466911642202,66.4,21.66887168266959,0.2,0.0,7.6523829497415,1.0,0.0,0.0,mitm,116f20a745e9
139.35480619731703,38.14955995730308,70.95,17.915007675130926,0.0,0.0,7.553608000121022,1.0,0.0,0.0,mitm,116f20a745e9
139.37216056020637,38.13393343574464,70.95,17.915007675130926,0.3,0.0,7.552667438865237,1.0,0.0,0.0,mitm,116f20a745e9
129.5197606086731,32.0164465318902,66.6,22.419634252146043,0.0,0.0,9.651036985597205,1.0,0.0,0.0,normal,5555339b3b6b
129.66376543045044,32.14932023436348,66.6,22.419634252146043,0.0,0.0,9.64031852576794,1.0,0.0,0.0,normal,5555339b3b6b
128.35743692186145,45.523129815915844,68.4,24.743483990739865,0.0,0.0,8.656382814713794,1.0,0.0,0.0,normal,5555339b3b6b
128.37833828396268,45.562146200824,68.4,24.743483990739865,0.0,0.0,8.654973463306728,1.0,0.0,0.0,normal,5555339b3b6b
121.98499270847866,44.03232998220484,70.33333333333333,26.17802301337687,0.0,0.0,8.7832818418007,1.0,0.0,0.0,normal,5555339b3b6b
122.03049659729004,44.1185299426819,70.33333333333333,26.17802301337687,0.0,0.0,8.78000664837387,1.0,0.0,0.0,normal,5555339b3b6b
122.0885201504356,41.863174704036396,71.75,24.06631463269771,0.0,0.0,8.621871881568651,1.0,0.0,0.0,normal,5555339b3b6b
122.12779647425602,41.95127613729634,71.75,24.06631463269771,0.0,0.0,8.619099085843724,1.0,0.0,0.0,normal,5555339b3b6b
132.59146088048033,46.17787071557141,72.5,22.213734490175217,0.0,0.0,7.938909277847269,1.0,0.0,0.0,normal,5555339b3b6b
132.61709715190688,46.23607670193182,72.5,22.213734490175217,0.0,0.0,7.93737460368045,1.0,0.0,0.0,normal,5555339b3b6b
160.23951768875122,53.761141856497304,75.2,21.793577035447854,0.0,0.0,7.800822281729507,1.0,0.0,0.0,normal,10d1faf72dcd
160.27098894119263,53.717743758951784,75.2,21.793577035447854,0.0,0.0,7.799290490799029,1.0,0.0,0.0,normal,10d1faf72dcd
140.55445459153918,40.360242945010086,73.0,20.537770083434083,0.0,0.0,7.905200260924321,1.0,0.0,0.0,normal,10d1faf72dcd
140.5683093600803,40.253447464897064,73.0,20.537770083434083,0.0,0.0,7.904421104367733,1.0,0.0,0.0,normal,10d1faf72dcd
140.87799617222376,38.368039091624446,73.93333333333334,20.80213664239539,0.0,0.0,7.605364929514946,1.0,0.0,0.0,normal,10d1faf72dcd
140.90991020202637,38.26696898544847,73.93333333333334,20.80213664239539,0.0,0.0,7.6036424258055035,1.0,0.0,0.0,normal,10d1faf72dcd
141.33316592166298,37.89393221140517,75.85,20.712979022825277,0.0,0.0,7.447873767511956,1.0,0.0,0.0,normal,10d1faf72dcd
141.33999222203306,37.84306636843487,75.85,20.712979022825277,0.0,0.0,7.447514057406868,1.0,0.0,0.0,normal,10d1faf72dcd
135.69341207805434,34.59123871735433,73.95,20.387434855812536,0.0,0.0,7.757425823604964,1.0,0.0,0.0,normal,10d1faf72dcd
135.4445783715499,34.63790411470813,73.95,20.387434855812536,0.0,0.0,7.771677475784984,1.0,0.0,0.0,normal,10d1faf72dcd
151.37749910354614,33.12040490036103,96.0,11.661903789690601,0.0,1.0,8.257501989413681,1.0,0.0,0.0,replay,134225086e2a
152.30005979537964,34.22251786344581,82.2,23.802520874898946,0.0,0.0,8.207482004139841,1.0,0.0,0.0,replay,134225086e2a
121.29142549302843,56.46614074723689,79.3,24.116591799008415,0.0,1.0,9.160673201709344,1.0,0.0,0.0,replay,134225086e2a
136.338472366333,38.90464897380526,72.5,24.646500765828808,0.0,0.0,8.149652052178086,1.0,0.0,0.0,replay,134225086e2a
108.59242507389614,55.2571356759827,73.53333333333333,24.04126082846368,0.0,2.0,9.866512979146329,1.0,0.0,0.0,replay,134225086e2a
130.36186354500907,42.840294811062655,71.0,22.67156809750927,0.0,0.0,8.21888044779789,1.0,0.0,0.0,replay,134225086e2a
112.54078463504189,58.36169675919965,71.35,22.981024781327747,0.0,3.0,9.353334281087017,1.0,0.0,0.0,replay,134225086e2a
133.00674840023643,42.1266984166823,74.25,21.465961427338865,0.0,0.0,7.9141215886268315,1.0,0.0,0.0,replay,134225086e2a
110.5619982669228,52.60574410321303,67.65,21.69395076974224,0.0,3.0,9.520735835527022,1.0,0.0,0.0,replay,134225086e2a
121.39688040080823,44.97072456840816,72.8,20.244999382563588,0.0,0.0,8.670993648864474,1.0,0.0,0.0,replay,134225086e2a
97.40421646519711,53.690995217369654,74.0,20.721969018411354,0.0,3.0,10.806837908536307,1.0,0.0,0.0,replay,134225086e2a
100.71483411287007,54.3410616036737,79.8,17.59431726438966,0.0,3.0,10.451604157612921,1.0,0.0,0.0,replay,134225086e2a
122.6091510371158,46.54373389651626,76.7,17.521700830684217,0.0,0.0,8.585261132986066,1.0,0.0,0.0,replay,134225086e2a
106.5981011641653,49.46196700142791,79.45,17.9957633903094,0.0,4.0,9.874768569528964,1.0,0.0,0.0,replay,134225086e2a
157.3355197906494,39.20336039553777,66.6,21.17167919651155,0.0,0.0,7.944804845487208,1.0,0.0,0.0,normal,140df493cd13
157.5312614440918,39.25519109118215,66.6,21.17167919651155,0.0,0.0,7.934932968486562,1.0,0.0,0.0,normal,140df493cd13
133.74744521247015,36.043269104373024,69.6,23.4571950582332,0.0,0.0,8.307531477300435,1.0,0.0,0.0,normal,140df493cd13
133.80765914916992,36.120941729525306,69.6,23.4571950582332,0.0,0.0,8.303793057708564,1.0,0.0,0.0,normal,140df493cd13
134.00243009839738,36.432608177706705,69.73333333333333,24.458036625116815,0.0,0.0,7.995590607139185,1.0,0.0,0.0,normal,140df493cd13
134.02656146458216,36.46826846451782,69.73333333333333,24.458036625116815,0.0,0.0,7.994151007982898,1.0,0.0,0.0,normal,140df493cd13
142.09289299814324,36.937290267223055,69.75,23.63445577964511,0.0,0.0,7.408052272967117,1.0,0.0,0.0,normal,140df493cd13
142.11095006842362,36.9520565561038,69.75,23.63445577964511,0.0,0.0,7.407110982232876,1.0,0.0,0.0,normal,140df493cd13
137.6253178245143,33.73554196076979,75.35,24.702783243999047,0.0,0.0,7.6485315026816245,1.0,0.0,0.0,normal,140df493cd13
137.63940961737381,33.702828105257865,75.35,24.702783243999047,0.0,0.0,7.6477484310169395,1.0,0.0,0.0,normal,140df493cd13
132.28154182434082,49.120205439286764,64.6,21.536945001554887,0.0,0.0,9.449542111172992,1.0,0.0,0.0,replay,99700843f0d6
132.35247135162354,49.23814885558963,64.6,21.536945001554887,0.0,0.0,9.444477970336491,1.0,0.0,0.0,replay,99700843f0d6
101.93920135498047,43.24924992677733,61.6,18.757398540309367,0.0,1.0,10.899743144366171,1.0,0.0,0.0,replay,99700843f0d6
113.33301332261827,45.82315825169532,66.2,22.96867431960321,0.0,0.0,9.803949251293425,1.0,0.0,0.0,replay,99700843f0d6
96.32228102002826,38.47441974744435,66.4,21.215717444071192,0.0,2.0,11.12337208050326,1.0,0.0,0.0,replay,99700843f0d6
114.38378265925816,50.25357912511501,62.6,23.006665700763044,0.0,0.0,9.366962225932738,1.0,0.0,0.0,replay,99700843f0d6
102.65051691155685,51.18782440053393,64.65,22.797532761244142,0.0,3.0,10.254518054247212,1.0,0.0,0.0,replay,99700843f0d6
131.81968739158228,53.33869199143023,67.2,22.557925436528954,0.0,0.0,7.985389737880588,1.0,0.0,0.0,replay,99700843f0d6
108.67942006964432,51.56378472505239,65.75,22.01561945528674,0.0,3.0,9.68565693737432,1.0,0.0,0.0,replay,99700843f0d6
128.25142709832443,51.19341029422831,66.95,21.590449277400413,0.0,0.0,8.207562307594165,1.0,0.0,0.0,replay,99700843f0d6
111.21111167104621,52.53340974526091,67.0,22.086194783167155,0.0,3.0,9.465165513864932,1.0,0.0,0.0,replay,99700843f0d6
84.22595262527466,17.86522463410935,74.4,17.04816705690087,0.0,0.0,14.841031309688008,1.0,0.0,0.0,normal,f9b866a1ce44
84.29402112960815,17.861521482677215,74.4,17.04816705690087,0.0,0.0,14.829046986357842,1.0,0.0,0.0,normal,f9b866a1ce44
115.45986599392361,40.683388251371234,70.3,21.78554566679476,0.0,0.0,9.623353548406044,1.0,0.0,0.0,normal,f9b866a1ce44
115.5340936448839,40.77722620073586,70.3,21.78554566679476,0.0,0.0,9.61717079398505,1.0,0.0,0.0,normal,f9b866a1ce44
129.20854772840227,44.54116710460102,66.0,20.156057815621256,0.0,0.0,8.292242195003427,1.0,0.0,0.0,normal,f9b866a1ce44
129.2346375329154,44.63821681688723,66.0,20.156057815621256,0.0,0.0,8.290568162546084,1.0,0.0,0.0,normal,f9b866a1ce44
123.03727865219116,17.264189813827038,76.6,8.452218643646177,0.0,0.0,10.159522493451531,1.0,0.0,0.0,normal,298757ea9dcf
123.15124273300171,17.2872451367924,76.6,8.452218643646177,0.0,0.0,10.150120877871,1.0,0.0,0.0,normal,298757ea9dcf
136.72312100728354,37.619195208456716,71.2,22.741152125607005,0.0,0.0,8.126724309138027,1.0,0.0,0.0,normal,298757ea9dcf
136.74423429701062,37.52483464421332,71.2,22.741152125607005,0.0,0.0,8.125469544096172,1.0,0.0,0.0,normal,298757ea9dcf
121.6343641281128,38.42633680567008,64.8,23.64797383850605,0.0,0.0,8.808600917254577,1.0,0.0,0.0,normal,298757ea9dcf
121.65820598602295,38.36636032065061,64.8,23.64797383850605,0.0,0.0,8.806874659582483,1.0,0.0,0.0,normal,298757ea9dcf
119.6192691200658,35.663375975688105,68.0,23.171102692793884,0.0,0.0,8.799849611945108,1.0,0.0,0.0,normal,298757ea9dcf
119.63146611263878,35.61890129663046,68.0,23.171102692793884,0.0,0.0,8.798952425746126,1.0,0.0,0.0,normal,298757ea9dcf
121.6229796409607,45.51395845656786,73.2,21.92167876783163,0.0,0.0,10.27766301804219,1.0,0.0,0.0,normal,d210061c9c74
121.68627977371216,45.525775815449535,73.2,21.92167876783163,0.0,0.0,10.272316668111642,1.0,0.0,0.0,normal,d210061c9c74
112.24044693840875,36.50548077471164,61.5,21.481387292258383,0.0,0.0,9.899382454533761,1.0,0.0,0.0,normal,d210061c9c74
112.25734816657172,36.544886106212836,61.5,21.481387292258383,0.0,0.0,9.897892024514976,1.0,0.0,0.0,normal,d210061c9c74
118.29755987439837,42.34733509912727,60.2,21.285989132134155,0.0,0.0,9.057064005091512,1.0,0.0,0.0,normal,d210061c9c74
118.34321703229632,42.441655960805655,60.2,21.285989132134155,0.0,0.0,9.053569763412588,1.0,0.0,0.0,normal,d210061c9c74
116.59997701644897,51.42296014770637,81.4,15.78100123566309,0.0,0.0,10.72041377695692,1.0,0.0,0.0,normal,ab64282948c8
116.63621664047241,51.44807621372746,81.4,15.78100123566309,0.0,0.0,10.717082875322395,1.0,0.0,0.0,normal,ab64282948c8
122.96377287970648,46.614310687119406,82.2,16.14187101918486,0.0,0.0,9.036085060581977,1.0,0.0,0.0,normal,ab64282948c8
122.98443582322862,46.629965301828825,82.2,16.14187101918486,0.0,0.0,9.034566883797913,1.0,0.0,0.0,normal,ab64282948c8
135.09035110473633,42.95494320586862,77.6,18.557298653988767,0.0,0.0,7.931199842673343,1.0,0.0,0.0,normal,ab64282948c8
135.1449830191476,42.96165171315361,77.6,18.557298653988767,0.0,0.0,7.9279936812509675,1.0,0.0,0.0,normal,ab64282948c8
92.17953681945801,5.4303422546346996,76.0,8.648699324175862,0.0,0.0,13.560493392890859,1.0,0.0,0.0,replay,3b7afeab641b
92.27019548416138,5.398464997059229,76.0,8.648699324175862,0.0,0.0,13.547169738191013,1.0,0.0,0.0,replay,3b7afeab641b
90.30244085523817,15.220164195937427,74.4,15.755633912984903,0.0,1.0,12.304330875090171,1.0,0.0,0.0,replay,3b7afeab641b
103.64045037163629,31.10678480159369,76.5,17.042593699317013,0.0,0.0,10.720824804667132,1.0,0.0,0.0,replay,3b7afeab641b
95.83829130445208,36.50349946270671,69.53333333333333,18.934507005875687,0.0,2.0,11.179545845876316,1.0,0.0,0.0,replay,3b7afeab641b
113.23772157941546,34.0167207325235,69.66666666666667,20.293403416436146,0.0,0.0,9.461763769921502,1.0,0.0,0.0,replay,3b7afeab641b
100.25520073740105,34.14373518925795,67.5,22.334950190228767,0.0,3.0,10.499520934624943,1.0,0.0,0.0,replay,3b7afeab641b
124.50615983260305,36.43884654011507,67.45,21.67827253265352,0.0,0.0,8.454453822707391,1.0,0.0,0.0,replay,3b7afeab641b
111.38252208107396,39.442221080850956,61.1,22.42966785309136,0.0,3.0,9.450599243759006,1.0,0.0,0.0,replay,3b7afeab641b
128.4045420194927,38.408028219702835,65.1,22.927930565142596,0.0,0.0,8.197775268631633,1.0,0.0,0.0,replay,3b7afeab641b
106.36747510809647,42.12021238169909,59.4,21.714971793672678,0.0,2.0,9.896179051703788,1.0,0.0,0.0,replay,3b7afeab641b
151.2625217437744,16.81967284964074,59.4,24.35241261148472,0.0,1.0,8.263778664998005,1.0,0.0,0.0,replay,379e8e55acc5
156.8928360939026,10.112013306153795,65.4,23.753736548172796,0.0,0.0,7.9672216470856405,1.0,0.0,0.0,replay,379e8e55acc5
133.15990236070422,45.688770043780735,70.3,23.177791094062435,0.0,1.0,8.344186886690016,1.0,0.0,0.0,replay,379e8e55acc5
140.66680272420248,34.67720495555983,69.7,23.891630333654504,0.0,0.0,7.898886514749358,1.0,0.0,0.0,replay,379e8e55acc5
125.06748948778424,55.68883404526378,64.6,23.750929806360563,0.0,2.0,8.566803218139446,1.0,0.0,0.0,replay,379e8e55acc5
135.72694574083602,40.526334961158234,67.86666666666666,23.079187353303602,0.0,0.0,7.894000454960595,1.0,0.0,0.0,replay,379e8e55acc5
114.87215443661339,56.77436049178867,65.55,22.401953039857933,0.0,3.0,9.163505151530975,1.0,0.0,0.0,replay,379e8e55acc5
143.65722003735993,40.01472552218222,68.3,21.9,0.0,0.0,7.327383744956347,1.0,0.0,0.0,replay,379e8e55acc5
114.50979584141781,55.20295062537232,68.6,20.56550509955931,0.0,3.0,9.192502451101525,1.0,0.0,0.0,replay,379e8e55acc5
133.14963641919587,45.489306603850665,68.0,21.559220765138985,0.0,0.0,7.9056286389950134,1.0,0.0,0.0,replay,379e8e55acc5
112.06653243617008,52.28255440339271,61.65,20.423699468999246,0.0,3.0,9.392916476173808,1.0,0.0,0.0,replay,379e8e55acc5
108.26003551483154,48.12747666189394,63.4,20.71328076379983,0.0,0.0,11.546273692370542,1.0,0.0,0.0,mitm,6d4b90f4865d
108.28971862792969,48.09578946549827,63.4,20.71328076379983,0.2,0.0,11.543108762659621,1.0,0.0,0.0,mitm,6d4b90f4865d
125.66399574279785,43.93450249387402,71.0,22.58317958127243,0.0,0.0,8.84192090617007,1.0,0.0,0.0,mitm,6d4b90f4865d
125.7013479868571,43.92002361198262,71.0,22.58317958127243,0.4,0.0,8.839293523147303,1.0,0.0,0.0,mitm,6d4b90f4865d
124.43477766854423,46.245002452624455,72.0,23.759910213073898,0.0,0.0,8.610362725784956,1.0,0.0,0.0,mitm,6d4b90f4865d
124.46366037641253,46.22481579182643,72.0,23.759910213073898,0.4,0.0,8.608364627781917,1.0,0.0,0.0,mitm,6d4b90f4865d
131.42284594084086,45.1078658172432,69.1,23.37498663101222,0.0,0.0,8.00950223997739,1.0,0.0,0.0,mitm,6d4b90f4865d
131.4326336509303,45.08468677276627,69.1,23.37498663101222,0.4,0.0,8.00890577710734,1.0,0.0,0.0,mitm,6d4b90f4865d
138.13447952270508,37.187872425162155,86.8,24.733782565551916,0.0,0.0,9.049152712046366,1.0,0.0,0.0,replay,328529bdf6d0
138.18693161010742,37.20841990437308,86.8,24.733782565551916,0.0,0.0,9.04571789412662,1.0,0.0,0.0,replay,328529bdf6d0
107.94308450486925,41.026628703728896,78.4,25.279240494919936,0.0,1.0,10.293490464977305,1.0,0.0,0.0,replay,328529bdf6d0
124.7903241051568,34.80353597314163,71.3,25.930869634472348,0.0,0.0,8.903824227388123,1.0,0.0,0.0,replay,328529bdf6d0
93.68247645241874,46.20930651429538,72.93333333333334,23.467613617257484,0.0,2.0,11.436808803541282,1.0,0.0,0.0,replay,328529bdf6d0
113.69906152997699,41.446890083043215,69.0,22.12389356932153,0.0,0.0,9.423372163420074,1.0,0.0,0.0,replay,328529bdf6d0
95.4532497807553,45.122765766870806,72.95,22.22267985639896,0.0,3.0,11.027718609530186,1.0,0.0,0.0,replay,328529bdf6d0
114.04561996459961,40.87830175251697,70.85,21.95284719575117,0.0,0.0,9.229916758522695,1.0,0.0,0.0,replay,328529bdf6d0
95.39572816146047,39.72124304303641,69.85,19.215293388340445,0.0,3.0,11.034368092098989,1.0,0.0,0.0,replay,328529bdf6d0
112.64284033524363,45.951588818452535,69.35,17.071247757560077,0.0,0.0,9.344860053373687,1.0,0.0,0.0,replay,328529bdf6d0
99.72799451727616,48.2677110873101,72.4,16.141251500425856,0.0,3.0,10.5550260390027,1.0,0.0,0.0,replay,328529bdf6d0
139.67573642730713,43.73633632797361,65.4,24.88051446413438,0.0,0.0,8.94929951309439,1.0,0.0,0.0,mitm,4141ff4c1947
139.73098993301392,43.72343124781253,65.4,24.88051446413438,0.2,0.0,8.945760712059949,1.0,0.0,0.0,mitm,4141ff4c1947
122.1930980682373,49.394662432061054,78.4,22.8,0.0,0.0,9.093075866614202,1.0,0.0,0.0,mitm,4141ff4c1947
122.30221430460612,49.24781096693378,78.4,22.8,0.3,0.0,9.08496315809766,1.0,0.0,0.0,mitm,4141ff4c1947
124.43700858524868,46.71411514811786,74.13333333333334,20.395642236081272,0.0,0.0,8.610208358509057,1.0,0.0,0.0,mitm,4141ff4c1947
124.46449484143939,46.531982495121675,74.13333333333334,20.395642236081272,0.4,0.0,8.60830691349778,1.0,0.0,0.0,mitm,4141ff4c1947
126.17521536977668,47.404588440345236,73.9,20.376211620416587,0.0,0.0,8.34261765167163,1.0,0.0,0.0,mitm,4141ff4c1947
126.19194231535259,47.24873150704223,73.9,20.376211620416587,0.4,0.0,8.341511824240339,1.0,0.0,0.0,mitm,4141ff4c1947
116.69099958319413,44.66774882810775,74.0,20.847062143141418,0.0,0.0,9.020674968140119,1.0,0.0,0.0,mitm,4141ff4c1947
116.71863104167737,44.52486902459297,74.0,20.847062143141418,0.4,0.0,9.018539452981583,1.0,0.0,0.0,mitm,4141ff4c1947
152.62126922607422,31.248810238683017,77.6,14.079772725438433,0.0,0.0,8.190208391914268,1.0,0.0,0.0,normal,beef230e3ab9
152.76068449020386,31.306629509147655,77.6,14.079772725438433,0.0,0.0,8.18273369336833,1.0,0.0,0.0,normal,beef230e3ab9
132.28434986538358,34.706872089978496,70.3,22.041097976280582,0.0,0.0,8.399414686936213,1.0,0.0,0.0,normal,beef230e3ab9
132.31097327338324,34.80656574317321,70.3,22.041097976280582,0.0,0.0,8.397724569792967,1.0,0.0,0.0,normal,beef230e3ab9
132.04823221479143,37.71168340823338,66.33333333333333,20.082053901154854,0.0,0.0,8.113918327098625,1.0,0.0,0.0,normal,beef230e3ab9
132.07112039838518,37.818799386761995,66.33333333333333,20.082053901154854,0.0,0.0,8.11251216917572,1.0,0.0,0.0,normal,beef230e3ab9
128.1762625041761,38.63335616035173,68.75,21.419325386202058,0.0,0.0,8.212375352363491,1.0,0.0,0.0,normal,beef230e3ab9
128.19898755926835,38.72407749177604,68.75,21.419325386202058,0.0,0.0,8.2109195945149,1.0,0.0,0.0,normal,beef230e3ab9
125.93132571170204,37.70181430198948,66.75,21.006844122809117,0.0,0.0,8.358774697228123,1.0,0.0,0.0,normal,beef230e3ab9
125.96183074148078,37.71781678792586,66.75,21.006844122809117,0.0,0.0,8.356750396139836,1.0,0.0,0.0,normal,beef230e3ab9
151.55094861984253,65.57582771479075,67.0,18.077610461562667,0.0,1.0,8.24805130804927,1.0,0.0,0.0,replay,e1f313130dc8
187.67893314361572,4.058396466987233,73.4,23.820999139414788,0.0,0.0,6.660310664934752,1.0,0.0,0.0,replay,e1f313130dc8
131.63675202263727,53.92729396576232,73.4,17.67031408888931,0.0,1.0,8.440736299236827,1.0,0.0,0.0,replay,e1f313130dc8
149.917205174764,44.65965313958433,76.5,19.90602923739438,0.0,0.0,7.411498298783306,1.0,0.0,0.0,replay,e1f313130dc8
123.98815155029297,54.25628661087231,75.93333333333334,17.445024760340377,0.0,2.0,8.641378696527877,1.0,0.0,0.0,replay,e1f313130dc8
146.05406352451868,41.411202982212224,75.66666666666667,20.901887208787844,0.0,0.0,7.335835413088019,1.0,0.0,0.0,replay,e1f313130dc8
124.70572873165733,51.3470939032638,75.4,20.81682012219926,0.0,3.0,8.440924002877434,1.0,0.0,0.0,replay,e1f313130dc8
150.48467485528244,40.52994447286428,74.2,23.621176939348302,0.0,0.0,6.99494204283366,1.0,0.0,0.0,replay,e1f313130dc8
119.17752968637566,45.99474071648658,75.45,23.05965090802547,0.0,3.0,8.832466839323192,1.0,0.0,0.0,replay,e1f313130dc8
127.11079497086375,48.177442277309765,75.15,24.395235190503904,0.0,3.0,8.281213088067398,1.0,0.0,0.0,replay,e1f313130dc8
143.4371596888492,39.277701322117366,77.9,23.138496061758207,0.0,0.0,7.338625368982401,1.0,0.0,0.0,replay,e1f313130dc8
122.37079519974559,54.01382808102474,74.35,24.700759097647182,0.0,3.0,8.601983645110423,1.0,0.0,0.0,replay,e1f313130dc8
148.49931315371865,38.63968376311765,75.5,23.5,0.0,0.0,7.088460926804017,1.0,0.0,0.0,replay,e1f313130dc8
117.45664947911312,49.20204843738614,73.5,21.48604198078371,0.0,3.0,8.961873028180953,1.0,0.0,0.0,replay,e1f313130dc8
143.10425519943237,20.43273769494358,83.2,14.344336861632886,0.0,0.0,8.734890505233265,1.0,0.0,0.0,normal,9d178b827d8f
143.18925142288208,20.390081022104912,83.2,14.344336861632886,0.0,0.0,8.729705530119464,1.0,0.0,0.0,normal,9d178b827d8f
124.73188506232367,36.66351167112593,81.0,11.198214143335534,0.0,0.0,8.907995822847798,1.0,0.0,0.0,normal,9d178b827d8f
124.75143538581,36.6104383426748,81.0,11.198214143335534,0.0,0.0,8.90659981325951,1.0,0.0,0.0,normal,9d178b827d8f
130.4412909916469,37.30126340224155,79.0,12.987173159185438,0.0,0.0,8.213875861571951,1.0,0.0,0.0,normal,9d178b827d8f
130.46557562691825,37.302431083351344,79.0,12.987173159185438,0.0,0.0,8.212346945009067,1.0,0.0,0.0,normal,9d178b827d8f
127.89525483783923,38.62185456579226,78.6,17.33320512773099,0.0,0.0,8.230419340279822,1.0,0.0,0.0,normal,9d178b827d8f
127.91153004294948,38.65272759232188,78.6,17.33320512773099,0.0,0.0,8.229372118322102,1.0,0.0,0.0,normal,9d178b827d8f
71.2282657623291,9.823050810752994,53.2,18.967340351245877,0.0,0.0,17.549212894933273,1.0,0.0,0.0,mitm,503a6abd2e48
71.26319408416748,9.79828963251405,53.2,18.967340351245877,0.4,0.0,17.540611476432716,1.0,0.0,0.0,mitm,503a6abd2e48
103.64945729573567,41.539589015498976,62.4,24.27014627067583,0.0,0.0,10.719893187099439,1.0,0.0,0.0,mitm,503a6abd2e48
103.7022007836236,41.59414446531467,62.4,24.27014627067583,0.4,0.0,10.714440992717824,1.0,0.0,0.0,mitm,503a6abd2e48
109.05350957598004,42.745506853510804,62.86666666666667,23.798786150184682,0.0,0.0,9.824796795577523,1.0,0.0,0.0,mitm,503a6abd2e48
109.08034869602749,42.781924764635505,62.86666666666667,23.798786150184682,0.4666666666666667,0.0,9.822379413310319,1.0,0.0,0.0,mitm,503a6abd2e48
113.8508445338199,43.76736811610837,63.2,23.290770704294008,0.0,0.0,9.245707251953494,1.0,0.0,0.0,mitm,503a6abd2e48
113.8767819655569,43.74981835843085,63.2,23.290770704294008,0.4,0.0,9.243601380180788,1.0,0.0,0.0,mitm,503a6abd2e48
125.54527583875154,39.00301056561611,70.0,23.235748320206948,0.0,0.0,8.384477806232649,1.0,0.0,0.0,mitm,503a6abd2e48
125.56374700445878,39.005157933572725,70.0,23.235748320206948,0.45,0.0,8.383244400232732,1.0,0.0,0.0,mitm,503a6abd2e48
129.82609397486635,39.318230919756246,72.95,21.513890861487607,0.0,0.0,8.108012393495812,1.0,0.0,0.0,mitm,503a6abd2e48
129.82847816065737,39.287578379736814,72.95,21.513890861487607,0.45,0.0,8.107863496980842,1.0,0.0,0.0,mitm,503a6abd2e48
121.512770652771,51.54630757914796,60.0,19.099738218101315,0.0,0.0,10.286984596639142,1.0,0.0,0.0,replay,a4884f680695
121.59645557403564,51.590992236247196,60.0,19.099738218101315,0.0,0.0,10.279904904291561,1.0,0.0,0.0,replay,a4884f680695
113.01297611660428,41.82945907349322,67.8,20.448960853794013,0.0,1.0,9.831712687264261,1.0,0.0,0.0,replay,a4884f680695
128.97245089213052,45.44468436633952,63.9,19.138704240360685,0.0,0.0,8.615104260059521,1.0,0.0,0.0,replay,a4884f680695
107.6397044318063,39.53396981888407,69.26666666666667,20.220341792912954,0.0,2.0,9.953841633849532,1.0,0.0,0.0,replay,a4884f680695
128.9022139140538,41.29497528869319,65.73333333333333,17.646403473670084,0.0,0.0,8.311948560813331,1.0,0.0,0.0,replay,a4884f680695
113.83320155896638,49.72208665738702,68.3,20.263514009174223,0.0,3.0,9.247140241435606,1.0,0.0,0.0,replay,a4884f680695
137.83763584337737,43.80866888961421,67.8,18.83772810080876,0.0,0.0,7.636750097364238,1.0,0.0,0.0,replay,a4884f680695
109.15711051539371,56.64627791185258,71.0,18.324846520503247,0.0,3.0,9.643270822920169,1.0,0.0,0.0,replay,a4884f680695
130.93216795670358,42.98720452500834,68.55,19.599681119854985,0.0,0.0,8.03951844206422,1.0,0.0,0.0,replay,a4884f680695
105.35211312143426,59.12479932518284,67.85,19.484031923603492,0.0,3.0,9.991556388945432,1.0,0.0,0.0,replay,a4884f680695
90.8690094947815,17.662489341424894,71.8,22.166641603995856,0.0,0.0,13.756064987940539,1.0,0.0,0.0,mitm,66ff67764fc2
90.94679355621338,17.609167400838615,71.8,22.166641603995856,0.2,0.0,13.744299838645619,1.0,0.0,0.0,mitm,66ff67764fc2
120.86568938361273,36.30049144434369,66.5,19.83053201505194,0.0,0.0,9.192940666433316,1.0,0.0,0.0,mitm,66ff67764fc2
120.8859019809299,36.217530669547564,66.5,19.83053201505194,0.1,0.0,9.191403570669408,1.0,0.0,0.0,mitm,66ff67764fc2
114.9376460484096,33.038600676210365,66.8,20.810894582725975,0.0,0.0,9.321824556745364,1.0,0.0,0.0,mitm,66ff67764fc2
114.96237346104213,33.00332432449677,66.8,20.810894582725975,0.06666666666666667,0.0,9.319819512874373,1.0,0.0,0.0,mitm,66ff67764fc2
119.75342349002236,35.82119538450024,66.8,21.048990474604715,0.0,0.0,8.789991536526484,1.0,0.0,0.0,mitm,66ff67764fc2
119.7776292499743,35.76369375715137,66.8,21.048990474604715,0.05,0.0,8.788215174559353,1.0,0.0,0.0,mitm,66ff67764fc2
115.9365177154541,29.54500513526452,73.4,24.597560854686385,0.0,0.0,10.781762507891658,1.0,0.0,0.0,normal,660ca12854ba
115.97496271133423,29.53462871970833,73.4,24.597560854686385,0.0,0.0,10.778188419092611,1.0,0.0,0.0,normal,660ca12854ba
114.8641374376085,31.931511571255324,78.2,19.81312696168881,0.0,0.0,9.673263874154285,1.0,0.0,0.0,normal,660ca12854ba
114.91187413533528,31.954970467512574,78.2,19.81312696168881,0.0,0.0,9.669245406288658,1.0,0.0,0.0,normal,660ca12854ba
115.53050790514264,31.345016835486852,79.26666666666667,18.4335443025902,0.0,0.0,9.273988237879793,1.0,0.0,0.0,normal,660ca12854ba
115.57742527553013,31.381198128016244,79.26666666666667,18.4335443025902,0.0,0.0,9.270223565495991,1.0,0.0,0.0,normal,660ca12854ba
123.67111758181923,36.33403275633769,77.8,19.182283492848292,0.0,0.0,8.511539311116525,1.0,0.0,0.0,normal,660ca12854ba
123.69847297668457,36.407817838390734,77.8,19.182283492848292,0.0,0.0,8.509657020145873,1.0,0.0,0.0,normal,660ca12854ba
117.10151873136822,40.36013028465351,78.95,17.013156673586476,0.0,0.0,8.989051468769704,1.0,0.0,0.0,normal,660ca12854ba
117.10879677220395,40.44836533889671,78.95,17.013156673586476,0.0,0.0,8.988492820013441,1.0,0.0,0.0,normal,660ca12854ba
143.5309648513794,29.49034964147342,66.4,26.867080228413357,0.0,0.0,8.708922156931957,1.0,0.0,0.0,normal,3641afba82b0
143.5672640800476,29.509509147939156,66.4,26.867080228413357,0.0,0.0,8.70672021236713,1.0,0.0,0.0,normal,3641afba82b0
138.8487550947401,37.007340807732064,72.7,21.71658352503911,0.0,0.0,8.002312374734444,1.0,0.0,0.0,normal,3641afba82b0
138.8949023352729,37.05382887811277,72.7,21.71658352503911,0.0,0.0,7.999653640484545,1.0,0.0,0.0,normal,3641afba82b0
134.97076715741838,39.76338847744248,68.13333333333334,23.07051990937545,0.0,0.0,7.938226876779536,1.0,0.0,0.0,normal,3641afba82b0
134.98336928231376,39.78285164102984,68.13333333333334,23.07051990937545,0.0,0.0,7.937485759358325,1.0,0.0,0.0,normal,3641afba82b0
137.2315758153012,36.22529748841466,63.0,22.487774456357393,0.0,0.0,7.670476511645514,1.0,0.0,0.0,normal,3641afba82b0
137.25146494413676,36.24504149325335,63.0,22.487774456357393,0.0,0.0,7.669364981829548,1.0,0.0,0.0,normal,3641afba82b0
113.34848403930664,47.064552576618915,86.4,16.0822883943797,0.0,0.0,11.027937520245342,1.0,0.0,0.0,normal,3881e290a68d
113.37947845458984,47.06351176326765,86.4,16.0822883943797,0.0,0.0,11.024922825876672,1.0,0.0,0.0,normal,3881e290a68d
121.24199337429471,43.53685535874711,75.9,17.067220043111885,0.0,0.0,9.164408141005415,1.0,0.0,0.0,normal,3881e290a68d
121.27367655436198,43.55969557084055,75.9,17.067220043111885,0.0,0.0,9.16201390672811,1.0,0.0,0.0,normal,3881e290a68d
130.831207547869,44.090620128706135,67.86666666666666,20.382563354222377,0.0,0.0,8.189396027981727,1.0,0.0,0.0,normal,3881e290a68d
130.86186136518205,44.063087345897024,67.86666666666666,20.382563354222377,0.0,0.0,8.18747769786532,1.0,0.0,0.0,normal,3881e290a68d
140.37299156188965,23.42284048174195,71.0,12.696456198483103,0.0,0.0,8.904846908879064,1.0,0.0,0.0,mitm,657774b54fd0
140.43951034545898,23.38344785137154,71.0,12.696456198483103,0.4,0.0,8.900629152901471,1.0,0.0,0.0,mitm,657774b54fd0
142.01601346333823,29.254006898139405,76.6,17.692936443677176,0.0,0.0,7.823843832920625,1.0,0.0,0.0,mitm,657774b54fd0
142.05535252888998,29.242650098138043,76.6,17.692936443677176,0.3,0.0,7.82167719364987,1.0,0.0,0.0,mitm,657774b54fd0
137.11236204419816,32.53133759883219,70.26666666666667,18.9858426787494,0.0,0.0,7.814237574604662,1.0,0.0,0.0,mitm,657774b54fd0
137.1631452015468,32.79592789174838,70.26666666666667,18.9858426787494,0.26666666666666666,0.0,7.811344438436578,1.0,0.0,0.0,mitm,657774b54fd0
114.65322971343994,33.687030041430475,79.6,15.49967741599805,0.0,0.0,10.902440368441464,1.0,0.0,0.0,normal,f2156568706b
114.80993032455444,33.56949226656215,79.6,15.49967741599805,0.0,0.0,10.887559956411383,1.0,0.0,0.0,normal,f2156568706b
132.73265626695422,46.048809694165016,79.8,15.177615095923338,0.0,0.0,8.371045546443561,1.0,0.0,0.0,normal,f2156568706b
132.80942704942493,46.170521811088506,79.8,15.177615095923338,0.0,0.0,8.366206645087114,1.0,0.0,0.0,normal,f2156568706b
138.72735840933663,47.891793895419354,80.53333333333333,15.160768083738004,0.0,0.0,7.723268025238071,1.0,0.0,0.0,normal,f2156568706b
138.7413569859096,47.99745147772201,80.53333333333333,15.160768083738004,0.0,0.0,7.722488771227633,1.0,0.0,0.0,normal,f2156568706b
131.64925575256348,44.66230990757602,79.5,15.252868582663394,0.0,0.0,7.995727533209936,1.0,0.0,0.0,normal,f2156568706b
131.6637867375424,44.75169363585386,79.5,15.252868582663394,0.0,0.0,7.994845090136107,1.0,0.0,0.0,normal,f2156568706b
139.10178134315893,44.58276712465837,75.1,17.495427974188,0.0,0.0,7.56734794323421,1.0,0.0,0.0,normal,f2156568706b
139.12026505721244,44.66568870127849,75.1,17.495427974188,0.0,0.0,7.566342534744881,1.0,0.0,0.0,normal,f2156568706b
123.93176555633545,44.021602449341266,69.4,22.473095024940378,0.0,0.0,10.086195370401542,1.0,0.0,0.0,normal,266c529455da
124.05800819396973,44.07307583185292,69.4,22.473095024940378,0.0,0.0,10.07593155973917,1.0,0.0,0.0,normal,266c529455da
116.3979901207818,41.17954262179207,71.2,20.478281177872326,0.0,0.0,9.545792929569945,1.0,0.0,0.0,normal,266c529455da
116.43123626708984,41.183739447917205,71.2,20.478281177872326,0.0,0.0,9.543067193431279,1.0,0.0,0.0,normal,266c529455da
122.20587049211774,46.29820127546029,66.6,21.877842672439165,0.0,0.0,8.767406730249332,1.0,0.0,0.0,normal,266c529455da
122.52586228506905,46.64257696725391,66.6,21.877842672439165,0.0,0.0,8.744509538204941,1.0,0.0,0.0,normal,266c529455da
122.01048198499177,41.80297026694168,67.55,20.29156228583694,0.0,0.0,8.627386449279417,1.0,0.0,0.0,normal,266c529455da
122.04526600084807,42.06470991351042,67.55,20.29156228583694,0.0,0.0,8.624927565318707,1.0,0.0,0.0,normal,266c529455da
104.10821437835693,46.96074136751723,66.0,18.428239199663107,0.0,0.0,12.006737484298478,1.0,0.0,0.0,replay,9a5fc2d305f4
104.29400205612183,47.119963328629346,66.0,18.428239199663107,0.0,0.0,11.985348872961653,1.0,0.0,0.0,replay,9a5fc2d305f4
113.61855930752225,50.82429788231367,58.9,17.008527273106274,0.0,1.0,9.779309981424388,1.0,0.0,0.0,replay,9a5fc2d305f4
133.1347624460856,42.41636792922709,55.7,17.435882541471766,0.0,0.0,8.345762524352478,1.0,0.0,0.0,replay,9a5fc2d305f4
114.16457380567279,53.505173773365264,62.6,23.148218073968458,0.0,2.0,9.384947849516982,1.0,0.0,0.0,replay,9a5fc2d305f4
134.2332022530692,38.15207089346026,67.2,24.36445498398572,0.0,0.0,7.981844681084285,1.0,0.0,0.0,replay,9a5fc2d305f4
107.20894211216977,48.4196201848886,68.55,24.648478654878478,0.0,3.0,9.818505417636048,1.0,0.0,0.0,replay,9a5fc2d305f4
151.28129720687866,48.2331150008789,84.2,18.925115587493778,0.0,1.0,8.262753050633965,1.0,0.0,0.0,replay,2db4a8610ad7
156.90428018569946,40.49140846691519,73.2,22.72795635335478,0.0,0.0,7.966640543652469,1.0,0.0,0.0,replay,2db4a8610ad7
131.45732879638672,52.830608801511914,73.1,21.332838535928595,0.0,1.0,8.452256875172802,1.0,0.0,0.0,replay,2db4a8610ad7
149.22054608662924,32.525115888161906,69.1,19.79621175881891,0.0,0.0,7.446100019403905,1.0,0.0,0.0,replay,2db4a8610ad7
120.27513980865479,52.32516052209064,75.13333333333334,19.35584895810279,0.0,2.0,8.908146547433681,1.0,0.0,0.0,replay,2db4a8610ad7
141.66763850620814,37.17424662963535,73.93333333333334,18.663571171908362,0.0,0.0,7.562973327755579,1.0,0.0,0.0,replay,2db4a8610ad7
114.77920883580258,52.24966666137008,72.95,18.935350538080883,0.0,3.0,9.170925550229317,1.0,0.0,0.0,replay,2db4a8610ad7
139.7760039881656,38.59703554112621,68.2,19.6509541753066,0.0,0.0,7.5308461317615825,1.0,0.0,0.0,replay,2db4a8610ad7
115.47658317967465,49.29627589947853,65.75,17.865819320702872,0.0,3.0,9.115541436739054,1.0,0.0,0.0,replay,2db4a8610ad7
86.5817666053772,28.750960996918494,75.2,24.185946332529557,0.0,0.0,14.437219855968706,1.0,0.0,0.0,replay,a52752de7dc5
86.67224645614624,28.64325647895552,75.2,24.185946332529557,0.0,0.0,14.422148393632158,1.0,0.0,0.0,replay,a52752de7dc5
89.82033199734158,43.43124347065776,72.5,20.853057329801786,0.0,1.0,12.370374128031466,1.0,0.0,0.0,replay,a52752de7dc5
105.60822486877441,33.858123206811285,78.2,21.95814199790137,0.0,0.0,10.521066067455864,1.0,0.0,0.0,replay,a52752de7dc5
90.84798608507428,39.86105529381552,78.06666666666666,21.95895160419904,0.0,2.0,11.793641417931221,1.0,0.0,0.0,replay,a52752de7dc5
104.08564976283482,34.489482723994605,75.2,23.53777106411452,0.0,0.0,10.293720353092702,1.0,0.0,0.0,replay,a52752de7dc5
95.55251974808543,39.13762948854723,74.75,24.388265620990765,0.0,3.0,11.016261860205523,1.0,0.0,0.0,replay,a52752de7dc5
105.95389416343288,32.19235239569011,71.8,24.393851684389656,0.0,0.0,9.9348078450396,1.0,0.0,0.0,replay,a52752de7dc5
97.10747317263954,47.693966079530156,74.8,24.19008061168875,0.0,2.0,10.839861697111402,1.0,0.0,0.0,replay,a52752de7dc5
109.50111087999846,37.519280676901516,75.1,25.58886476575309,0.0,0.0,9.612976256477802,1.0,0.0,0.0,replay,a52752de7dc5
91.05652257015831,44.33937906074832,76.8,26.068371640745035,0.0,3.0,11.560199634642586,1.0,0.0,0.0,replay,a52752de7dc5
116.2462830543518,37.63724383060968,67.2,24.8145118831703,0.0,0.0,10.753031986541481,1.0,0.0,0.0,normal,082d6c981843
116.40799045562744,37.73294383781951,67.2,24.8145118831703,0.0,0.0,10.738094482238113,1.0,0.0,0.0,normal,082d6c981843
125.55056148105197,45.561671396426526,71.4,20.34305778392226,0.0,0.0,8.849909534485032,1.0,0.0,0.0,normal,082d6c981843
125.61787499321832,45.54408027249573,71.4,20.34305778392226,0.0,0.0,8.845167227761943,1.0,0.0,0.0,normal,082d6c981843
129.58666256495886,38.91337258592088,75.2,21.320412753978285,0.0,0.0,8.268046650954442,1.0,0.0,0.0,normal,082d6c981843
129.63955742972237,38.87481660663624,75.2,21.320412753978285,0.0,0.0,8.264673165128576,1.0,0.0,0.0,normal,082d6c981843
140.6404972076416,41.95487030807524,69.8,22.4,0.0,0.0,8.88790942024686,1.0,0.0,0.0,normal,c56e4d945167
140.7567858695984,41.57527133741049,69.8,22.4,0.0,0.0,8.880566519599562,1.0,0.0,0.0,normal,c56e4d945167
126.02821985880534,44.93993473342076,70.9,18.250753409106157,0.0,0.0,8.816367575102904,1.0,0.0,0.0,normal,c56e4d945167
126.54458151923285,44.640933350060806,70.9,18.250753409106157,0.0,0.0,8.780392631368725,1.0,0.0,0.0,normal,c56e4d945167
133.21663652147566,46.146754776619176,67.86666666666666,15.542915499423595,0.0,0.0,8.042753513416082,1.0,0.0,0.0,normal,c56e4d945167
133.2317931311471,45.706882692197425,67.86666666666666,15.542915499423595,0.0,0.0,8.04183856006432,1.0,0.0,0.0,normal,c56e4d945167
129.07388335780092,45.36371428395135,70.75,19.351679513675293,0.0,0.0,8.15526388114788,1.0,0.0,0.0,normal,c56e4d945167
129.09185258965744,45.04960258289803,70.75,19.351679513675293,0.0,0.0,8.154128690780777,1.0,0.0,0.0,normal,c56e4d945167
128.69053137929816,46.33226565718671,69.0,18.78563280807969,0.0,0.0,8.179557327686194,1.0,0.0,0.0,normal,c56e4d945167
128.70962996231881,46.061540174611594,69.0,18.78563280807969,0.0,0.0,8.178343603781148,1.0,0.0,0.0,normal,c56e4d945167
159.77227687835693,23.40970231376316,64.4,25.989228537992428,0.0,0.0,7.823635141356163,1.0,0.0,0.0,mitm,20d1c11a7c86
159.8380208015442,23.385973643042433,64.4,25.989228537992428,0.4,0.0,7.82041715564038,1.0,0.0,0.0,mitm,20d1c11a7c86
156.56699074639215,37.1744079468224,72.2,22.85957129956728,0.0,0.0,7.096713718608116,1.0,0.0,0.0,mitm,20d1c11a7c86
156.600554784139,37.2478270043729,72.2,22.85957129956728,0.4,0.0,7.095192687169509,1.0,0.0,0.0,mitm,20d1c11a7c86
158.561144556318,31.023260611779257,71.93333333333334,19.948155024685587,0.0,0.0,6.757194988889726,1.0,0.0,0.0,mitm,20d1c11a7c86
158.5841349193028,31.081751812005688,71.93333333333334,19.948155024685587,0.3333333333333333,0.0,6.756215380395895,1.0,0.0,0.0,mitm,20d1c11a7c86
143.79620552062988,37.602452550465635,71.85,22.132046900365992,0.0,0.0,7.320301499863649,1.0,0.0,0.0,mitm,20d1c11a7c86
143.80521523325066,37.645298302450406,71.85,22.132046900365992,0.35,0.0,7.31984286689471,1.0,0.0,0.0,mitm,20d1c11a7c86
134.16201189944618,37.035539725648185,73.0,19.826749607537792,0.0,0.0,7.845973417097464,1.0,0.0,0.0,mitm,20d1c11a7c86
134.1791027470639,37.045835022970294,73.0,19.826749607537792,0.35,0.0,7.844974048840121,1.0,0.0,0.0,mitm,20d1c11a7c86
116.54988088105854,36.74691356715489,65.1,22.458628631330097,0.0,0.0,9.031597209623918,1.0,0.0,0.0,mitm,20d1c11a7c86
116.58442647833573,36.70776646086444,65.1,22.458628631330097,0.3,0.0,9.02892102096478,1.0,0.0,0.0,mitm,20d1c11a7c86
116.20724201202393,31.36192302200228,86.6,16.0822883943797,0.0,0.0,10.756644580469976,1.0,0.0,0.0,mitm,f9281b65525e
116.23555421829224,31.309655205503983,86.6,16.0822883943797,0.2,0.0,10.754024518629471,1.0,0.0,0.0,mitm,f9281b65525e
127.69601080152724,44.084956379019225,73.9,21.229460662014002,0.0,0.0,8.701220219307135,1.0,0.0,0.0,mitm,f9281b65525e
127.73791948954265,44.0230627636732,73.9,21.229460662014002,0.1,0.0,8.698365493592316,1.0,0.0,0.0,mitm,f9281b65525e
106.98449611663818,45.88633986648351,76.66666666666667,21.057592982632706,0.0,0.0,10.014802240695353,1.0,0.0,0.0,mitm,f9281b65525e
107.03602858952114,45.8680419115687,76.66666666666667,21.057592982632706,0.2,0.0,10.009980616316184,1.0,0.0,0.0,mitm,f9281b65525e
123.42072788037751,49.024590863263015,79.45,21.160044895982615,0.0,0.0,8.528807089580654,1.0,0.0,0.0,mitm,f9281b65525e
123.46359303123073,48.97499071529826,79.45,21.160044895982615,0.25,0.0,8.525845985067841,1.0,0.0,0.0,mitm,f9281b65525e
122.11056759482936,50.00386581194321,70.45,23.253978154285775,0.0,0.0,8.620315175669866,1.0,0.0,0.0,mitm,f9281b65525e
122.12437077572471,49.96145217802541,70.45,23.253978154285775,0.3,0.0,8.61934085933162,1.0,0.0,0.0,mitm,f9281b65525e
131.76921794289038,46.8715206513694,69.9,24.14104388795149,0.0,0.0,7.98844825354876,1.0,0.0,0.0,mitm,f9281b65525e
131.7739486694336,46.82017533334498,69.9,24.14104388795149,0.3,0.0,7.988161465723292,1.0,0.0,0.0,mitm,f9281b65525e
147.56358297247635,38.5787752013816,68.15,24.38088390522378,0.0,0.0,7.1334102746997265,1.0,0.0,0.0,mitm,f9281b65525e
147.5742741634971,38.57909257930352,68.15,24.38088390522378,0.35,0.0,7.132893486443042,1.0,0.0,0.0,mitm,f9281b65525e
131.78330659866333,45.6488523568205,71.4,19.64281038955475,0.0,0.0,9.485268144066122,1.0,0.0,0.0,normal,eabc50b89ffa
131.92498683929443,45.77292140844654,71.4,19.64281038955475,0.0,0.0,9.475081483409191,1.0,0.0,0.0,normal,eabc50b89ffa
127.1049976348877,41.1516511230136,74.0,18.595698427324532,0.0,0.0,8.741679176949484,1.0,0.0,0.0,normal,eabc50b89ffa
127.14287969801161,41.26372479613426,74.0,18.595698427324532,0.0,0.0,8.73907460449386,1.0,0.0,0.0,normal,eabc50b89ffa
119.26201411655971,40.23818539716609,68.2,17.61135997020105,0.0,0.0,8.983820870083745,1.0,0.0,0.0,normal,eabc50b89ffa
119.30607046399798,40.38065275259316,68.2,17.61135997020105,0.0,0.0,8.980503399882638,1.0,0.0,0.0,normal,eabc50b89ffa
122.66210505836888,42.80620414944599,65.55,18.16996147491788,0.0,0.0,8.581554820426998,1.0,0.0,0.0,normal,eabc50b89ffa
122.67436479267322,42.869962985110824,65.55,18.16996147491788,0.0,0.0,8.58069720374242,1.0,0.0,0.0,normal,eabc50b89ffa
115.68836161964818,42.638326241322005,66.35,20.613769669810516,0.0,0.0,9.098854579755692,1.0,0.0,0.0,normal,eabc50b89ffa
115.70303063643605,42.64566615145676,66.35,20.613769669810516,0.0,0.0,9.097701012300744,1.0,0.0,0.0,normal,eabc50b89ffa
142.81922578811646,12.894860904200211,72.6,21.35977527971678,0.0,0.0,8.752323037057161,1.0,0.0,0.0,normal,948e6dc60245
142.9160237312317,12.907282629015592,72.6,21.35977527971678,0.0,0.0,8.7463950323076,1.0,0.0,0.0,normal,948e6dc60245
145.04832691616483,26.145072420083427,68.1,22.376103324752503,0.0,0.0,7.660282160671265,1.0,0.0,0.0,normal,948e6dc60245
145.10575930277506,26.133810056375523,68.1,22.376103324752503,0.0,0.0,7.6572502459580996,1.0,0.0,0.0,normal,948e6dc60245
150.35177980150496,32.40087955607681,72.33333333333333,23.294252986997076,0.0,0.0,7.1261449172272915,1.0,0.0,0.0,normal,948e6dc60245
150.36906514848982,32.360436699770275,72.33333333333333,23.294252986997076,0.0,0.0,7.125325746825207,1.0,0.0,0.0,normal,948e6dc60245
143.21925765589663,35.57939749724899,74.05,24.117369259519165,0.0,0.0,7.349790776575984,1.0,0.0,0.0,normal,948e6dc60245
143.23841898064865,35.55730117709658,74.05,24.117369259519165,0.0,0.0,7.348807578569949,1.0,0.0,0.0,normal,948e6dc60245
140.1102166426809,36.53134444717676,71.75,24.238141430398496,0.0,0.0,7.512882387669592,1.0,0.0,0.0,normal,948e6dc60245
140.13694462023284,36.54123485418215,71.75,24.238141430398496,0.0,0.0,7.511449473941153,1.0,0.0,0.0,normal,948e6dc60245
121.99121713638306,43.63361241748543,87.6,20.155396299750596,0.0,0.0,10.246639301930498,1.0,0.0,0.0,normal,0cdd963fc22d
122.06542491912842,43.62750587752101,87.6,20.155396299750596,0.0,0.0,10.240410016416673,1.0,0.0,0.0,normal,0cdd963fc22d
128.11663415696887,44.02697511069125,71.3,26.275654130772843,0.0,0.0,8.672652996407747,1.0,0.0,0.0,normal,0cdd963fc22d
128.17496723598904,44.09330900469443,71.3,26.275654130772843,0.0,0.0,8.668706027951554,1.0,0.0,0.0,normal,0cdd963fc22d
123.96848201751709,44.94954870554726,70.4,27.62076513543147,0.0,0.0,8.642749786007508,1.0,0.0,0.0,normal,0cdd963fc22d
124.00356360844204,44.95508381130412,70.4,27.62076513543147,0.0,0.0,8.64030468359564,1.0,0.0,0.0,normal,0cdd963fc22d
134.0794186843069,49.064156697252216,72.65,25.967816619808453,0.0,0.0,7.8508065538814265,1.0,0.0,0.0,normal,0cdd963fc22d
134.0869853371068,49.06621171393347,72.65,25.967816619808453,0.0,0.0,7.850363525594654,1.0,0.0,0.0,normal,0cdd963fc22d
119.48955059051514,47.422761522289825,63.6,27.557938965024217,0.0,0.0,10.461165799206066,1.0,0.0,0.0,replay,c69e92619131
119.54927444458008,47.492471304961065,63.6,27.557938965024217,0.0,0.0,10.455939660089426,1.0,0.0,0.0,replay,c69e92619131
91.78688791063097,46.63895432123223,68.3,24.984195004042057,0.0,1.0,12.105335918927258,1.0,0.0,0.0,replay,c69e92619131
104.55513000488281,39.12789835551794,71.1,27.57335670534148,0.0,0.0,10.627035814112816,1.0,0.0,0.0,replay,c69e92619131
104.39685412815639,45.205202930764905,70.66666666666667,25.07233978355874,0.0,2.0,10.26303503468886,1.0,0.0,0.0,replay,c69e92619131
126.1733089174543,44.976725286136414,64.93333333333334,25.983242462958483,0.0,0.0,8.491721273074692,1.0,0.0,0.0,replay,c69e92619131
103.92579279447857,44.852637200695895,68.25,23.58150758539411,0.0,3.0,10.128684618543447,1.0,0.0,0.0,replay,c69e92619131
125.48116633766575,41.11996971079317,64.95,23.399732904458546,0.0,0.0,8.388761514335712,1.0,0.0,0.0,replay,c69e92619131
107.37593550431102,46.77460831120761,66.8,21.444346574330496,0.0,3.0,9.80323546429178,1.0,0.0,0.0,replay,c69e92619131
135.88447319833855,40.08607893295079,63.6,20.580087463370994,0.0,0.0,7.746518451824405,1.0,0.0,0.0,replay,c69e92619131
115.05263730099327,46.67992412060232,65.25,18.946965456241273,0.0,3.0,9.149130377546598,1.0,0.0,0.0,replay,c69e92619131
105.9977882786801,50.710354248695175,64.6,18.045498053531247,0.0,3.0,9.93069380070348,1.0,0.0,0.0,replay,c69e92619131
138.75771823682283,38.64249722340558,62.95,18.698863601834205,0.0,0.0,7.586111910191575,1.0,0.0,0.0,replay,c69e92619131
112.54905399523284,47.97865293550549,65.6,16.74037036627326,0.0,4.0,9.352647059938452,1.0,0.0,0.0,replay,c69e92619131
123.00682067871094,38.369545528119154,74.0,22.60088493842664,0.0,0.0,10.162038113845343,1.0,0.0,0.0,normal,33ed4421dbf4
123.08377027511597,38.39653354668337,74.0,22.60088493842664,0.0,0.0,10.155685003847452,1.0,0.0,0.0,normal,33ed4421dbf4
104.23734452989366,35.775300346170326,67.2,20.716177253537875,0.0,0.0,10.659434160781615,1.0,0.0,0.0,normal,33ed4421dbf4
104.25636503431532,35.847458598311476,67.2,20.716177253537875,0.0,0.0,10.657489456354975,1.0,0.0,0.0,normal,33ed4421dbf4
122.34916005815778,42.95200762033062,67.6,21.073838441695113,0.0,0.0,8.757138756974511,1.0,0.0,0.0,normal,33ed4421dbf4
122.3813806261335,43.009697521508286,67.6,21.073838441695113,0.0,0.0,8.754833177619643,1.0,0.0,0.0,normal,33ed4421dbf4
109.9395751953125,25.460432984373906,79.2,10.186265262597475,0.0,0.0,11.369882026370576,1.0,0.0,0.0,normal,698a7e8ce2a8
109.97223854064941,25.44831888475395,79.2,10.186265262597475,0.0,0.0,11.366505006970083,1.0,0.0,0.0,normal,698a7e8ce2a8
119.30947833591037,22.212180998695697,69.5,16.481808153233672,0.0,0.0,9.312848623667842,1.0,0.0,0.0,normal,698a7e8ce2a8
119.35332086351183,22.20699354310362,69.5,16.481808153233672,0.0,0.0,9.309427698134499,1.0,0.0,0.0,normal,698a7e8ce2a8
120.34387247903007,23.2902395639767,64.0,17.312808360671394,0.0,0.0,8.903058787768924,1.0,0.0,0.0,normal,698a7e8ce2a8
120.35535063062396,23.339810553855862,64.0,17.312808360671394,0.0,0.0,8.902209713275104,1.0,0.0,0.0,normal,698a7e8ce2a8
121.18422357659591,28.518652230468852,63.7,17.29768770674277,0.0,0.0,8.686209705193518,1.0,0.0,0.0,normal,698a7e8ce2a8
121.21405099567615,28.665670639315103,63.7,17.29768770674277,0.0,0.0,8.684072269681979,1.0,0.0,0.0,normal,698a7e8ce2a8
130.20052407917223,32.632718885468584,60.55,19.875801870616442,0.0,0.0,8.084695406504547,1.0,0.0,0.0,normal,698a7e8ce2a8
130.2171129929392,32.736268893811534,60.55,19.875801870616442,0.0,0.0,8.083665462652712,1.0,0.0,0.0,normal,698a7e8ce2a8
108.55299234390259,21.721559465420768,82.4,21.987269043698902,0.0,0.0,11.515113245703285,1.0,0.0,0.0,replay,7061e2918854
108.71100425720215,21.61177137853833,82.4,21.987269043698902,0.0,0.0,11.49837597896339,1.0,0.0,0.0,replay,7061e2918854
131.07887903849283,49.85575081965278,79.7,20.38651515095211,0.0,1.0,8.476660155026352,1.0,0.0,0.0,replay,7061e2918854
138.4857760535346,47.776340919811176,76.2,23.489572154468885,0.0,0.0,8.02328688746769,1.0,0.0,0.0,replay,7061e2918854
117.59684767041888,53.5160923824863,76.53333333333333,22.494048595622402,0.0,2.0,9.111031397979268,1.0,0.0,0.0,replay,7061e2918854
131.86286176953996,42.18475308042583,74.06666666666666,22.46913932980572,0.0,0.0,8.12532472790659,1.0,0.0,0.0,replay,7061e2918854
108.25046740080181,50.50372692273294,75.7,21.196933740520112,0.0,3.0,9.724037264891953,1.0,0.0,0.0,replay,7061e2918854
126.27890235499332,45.03033825326204,69.95,21.848283685452273,0.0,0.0,8.335767569377715,1.0,0.0,0.0,replay,7061e2918854
100.11674228467439,57.37806327044899,67.6,20.962824237206206,0.0,3.0,10.51404145726486,1.0,0.0,0.0,replay,7061e2918854
125.14972686767578,58.16811057650407,71.6,21.322288807724185,0.0,0.0,9.98803618102706,1.0,0.0,0.0,normal,5e32bb217c73
125.27519464492798,58.122224346216676,71.6,21.322288807724185,0.0,0.0,9.978032790473168,1.0,0.0,0.0,normal,5e32bb217c73
128.31579314337836,44.7746753766389,66.4,20.756685669923318,0.0,0.0,8.65919216872681,1.0,0.0,0.0,normal,5e32bb217c73
128.32742267184787,44.673991143105354,66.4,20.756685669923318,0.0,0.0,8.658407439167433,1.0,0.0,0.0,normal,5e32bb217c73
135.07870265415735,43.40440837243708,63.8,21.46997904051143,0.0,0.0,7.931883786089914,1.0,0.0,0.0,normal,5e32bb217c73
135.10913508278983,43.30365792817791,63.8,21.46997904051143,0.0,0.0,7.9300971823410755,1.0,0.0,0.0,normal,5e32bb217c73
148.48226308822632,34.63819750128315,72.8,16.61806246227279,0.0,0.0,8.418513928880957,1.0,0.0,0.0,replay,4600048608ea
148.55700731277466,34.66233328880668,72.8,16.61806246227279,0.0,0.0,8.414278280177165,1.0,0.0,0.0,replay,4600048608ea
119.84544330173068,51.52481410971559,77.8,19.249935064825543,0.0,1.0,9.271200310167034,1.0,0.0,0.0,replay,4600048608ea
130.48100471496582,36.77736376318712,76.5,20.21509337104333,0.0,0.0,8.515500884886041,1.0,0.0,0.0,replay,4600048608ea
105.26185376303536,48.10605478228198,79.06666666666666,18.368330233190918,0.0,2.0,10.178697535011713,1.0,0.0,0.0,replay,4600048608ea
124.11928176879883,39.573642833294564,78.26666666666667,19.337240984403355,0.0,0.0,8.632249205440598,1.0,0.0,0.0,replay,4600048608ea
110.38373645983245,50.64834633870174,77.25,19.447043477094404,0.0,3.0,9.536111140162488,1.0,0.0,0.0,replay,4600048608ea
127.80826970150596,42.28689297369465,77.9,19.53944727979786,0.0,0.0,8.236020888208342,1.0,0.0,0.0,replay,4600048608ea
102.61620973285876,46.95961184727303,80.5,19.885924670479874,0.0,3.0,10.257946397432617,1.0,0.0,0.0,replay,4600048608ea
116.9457937541761,40.27366887973669,76.85,21.60850526991629,0.0,0.0,9.00102128649479,1.0,0.0,0.0,replay,4600048608ea
97.333782597592,47.37585928210736,77.05,21.183661156655617,0.0,3.0,10.81465808535638,1.0,0.0,0.0,replay,4600048608ea
109.42730150724712,44.9938343148482,73.35,23.86268006741908,0.0,3.0,9.619460266756693,1.0,0.0,0.0,replay,4600048608ea
125.51321481403552,40.253082444662844,73.5,22.985865221914096,0.0,0.0,8.386619532508842,1.0,0.0,0.0,replay,4600048608ea
128.49819660186768,28.664883894786797,57.0,23.375200533899168,0.0,0.0,9.72776298077503,1.0,0.0,0.0,replay,4b232d7fcc03
128.58951091766357,28.639670113940106,57.0,23.375200533899168,0.0,0.0,9.720855076588482,1.0,0.0,0.0,replay,4b232d7fcc03
103.07735866970486,38.81731328174809,74.3,24.637572932413615,0.0,1.0,10.779390599942431,1.0,0.0,0.0,replay,4b232d7fcc03
111.99667718675401,33.12726080489776,71.4,23.35037472932715,0.0,0.0,9.920929254520093,1.0,0.0,0.0,replay,4b232d7fcc03
99.41673278808594,32.76324926241407,78.46666666666667,22.832335744631024,0.0,2.0,10.777145269020258,1.0,0.0,0.0,replay,4b232d7fcc03
123.27950341360909,34.66457379720611,78.6,23.840581648385456,0.0,0.0,8.691051973448282,1.0,0.0,0.0,replay,4b232d7fcc03
102.84317167181717,41.76370675987038,81.3,22.022942582679544,0.0,3.0,10.235308400507336,1.0,0.0,0.0,replay,4b232d7fcc03
120.6544323971397,41.587618962320626,77.4,21.708063018150654,0.0,0.0,8.72435067683699,1.0,0.0,0.0,replay,4b232d7fcc03
97.17072938617908,46.68656198482275,83.95,15.720925545272454,0.0,3.0,10.832805162591358,1.0,0.0,0.0,replay,4b232d7fcc03
120.16152080736663,42.37644279737464,77.55,20.095957304890952,0.0,0.0,8.760138619041477,1.0,0.0,0.0,replay,4b232d7fcc03
100.61714523716977,49.62176872950605,73.85,21.173745535450266,0.0,3.0,10.46175158782489,1.0,0.0,0.0,replay,4b232d7fcc03
126.94299848456131,49.898438102529674,72.1,22.919205919926632,0.0,0.0,8.292159406297532,1.0,0.0,0.0,replay,4b232d7fcc03
103.87926352651496,58.333385727646586,67.9,22.496444163467256,0.0,2.0,10.133221426610197,1.0,0.0,0.0,replay,4b232d7fcc03
115.09079682199578,69.58004788601487,63.2,21.569886416019905,0.0,4.0,9.14609689057425,1.0,0.0,0.0,replay,4b232d7fcc03
125.885009765625,50.64664337129079,60.4,18.618270596379247,0.0,0.0,9.92969696969697,1.0,0.0,0.0,mitm,f6a5a08ca425
125.94980001449585,50.677059109405654,60.4,18.618270596379247,0.4,0.0,9.924589001777967,1.0,0.0,0.0,mitm,f6a5a08ca425
126.91566679212782,43.12770613977743,64.3,22.041097976280582,0.0,0.0,8.754719879705425,1.0,0.0,0.0,mitm,f6a5a08ca425
126.99553701612685,43.1659952253366,64.3,22.041097976280582,0.3,0.0,8.749213848121402,1.0,0.0,0.0,mitm,f6a5a08ca425
136.92658288138253,45.899709104410405,66.46666666666667,23.050283199031536,0.0,0.0,7.824839770935744,1.0,0.0,0.0,mitm,f6a5a08ca425
136.94764886583602,45.987709364456705,66.46666666666667,23.050283199031536,0.26666666666666666,0.0,7.823636114251379,1.0,0.0,0.0,mitm,f6a5a08ca425
123.26151132583618,41.72514247231573,64.4,20.460694025374604,0.0,0.0,10.141040674859827,1.0,0.0,0.0,replay,2161c40300a1
123.3375072479248,41.70280592625574,64.4,20.460694025374604,0.0,0.0,10.134792147917613,1.0,0.0,0.0,replay,2161c40300a1
108.68713590833876,41.43803947123375,64.2,16.606023003717656,0.0,1.0,10.223023192442628,1.0,0.0,0.0,replay,2161c40300a1
123.00335036383734,50.21790721205271,67.9,21.021179795625173,0.0,0.0,9.033177615280428,1.0,0.0,0.0,replay,2161c40300a1
103.10586861201695,39.710972286304006,66.33333333333333,18.75337006750757,0.0,2.0,10.391538191296483,1.0,0.0,0.0,replay,2161c40300a1
117.94580732073102,48.28900257814988,66.2,18.648324321504063,0.0,0.0,9.084075099973894,1.0,0.0,0.0,replay,2161c40300a1
100.72069419057746,38.55814188536697,64.85,16.614075357960793,0.0,3.0,10.450996067954458,1.0,0.0,0.0,replay,2161c40300a1
112.95289742319207,46.05039126538368,66.45,17.32476551067864,0.0,0.0,9.319208297982417,1.0,0.0,0.0,replay,2161c40300a1
95.3874713496158,35.29717502225512,67.85,14.94749142833004,0.0,3.0,11.035323235367516,1.0,0.0,0.0,replay,2161c40300a1
114.34211229023181,44.98716208248642,64.2,18.342846016908062,0.0,0.0,9.205983323760009,1.0,0.0,0.0,replay,2161c40300a1
98.8102586645829,36.05362333750687,65.7,18.36327857437228,0.0,2.0,10.65305964353951,1.0,0.0,0.0,replay,2161c40300a1
111.72337281076531,40.29916655760353,64.55,18.980187038066827,0.0,4.0,9.421766927232795,1.0,0.0,0.0,replay,2161c40300a1
124.59162661903783,44.7276234059837,63.5,19.056494955788697,0.0,0.0,8.448654275668028,1.0,0.0,0.0,replay,2161c40300a1
118.98021948964973,70.5310678836114,66.4,21.969069165533618,0.0,4.0,8.847114112433946,1.0,0.0,0.0,replay,2161c40300a1
114.77100849151611,14.785466163362624,56.6,17.556765077883796,0.0,0.0,10.891252211070361,1.0,0.0,0.0,mitm,3ea996247988
114.85415697097778,14.769485288226281,56.6,17.556765077883796,0.4,0.0,10.883367506810044,1.0,0.0,0.0,mitm,3ea996247988
123.13821580674913,29.43116069156582,59.0,17.36663467687393,0.0,0.0,9.023284151322029,1.0,0.0,0.0,mitm,3ea996247988
123.1538454691569,29.435323291301334,59.0,17.36663467687393,0.4,0.0,9.022138991099403,1.0,0.0,0.0,mitm,3ea996247988
118.64714963095528,39.038992494038624,60.0,16.677329922182786,0.0,0.0,9.030377676675627,1.0,0.0,0.0,mitm,3ea996247988
118.67570877075195,39.078134792105814,60.0,16.677329922182786,0.4,0.0,9.028204529186926,1.0,0.0,0.0,mitm,3ea996247988
117.1422004699707,40.81792371658451,61.3,17.572990639046047,0.0,0.0,8.985929705300435,1.0,0.0,0.0,mitm,3ea996247988
117.16904138263904,40.86379584760854,61.3,17.572990639046047,0.4,0.0,8.983871221663312,1.0,0.0,0.0,mitm,3ea996247988
124.2312004691676,48.2520426549241,67.9,18.525387985140824,0.0,0.0,8.473165959694773,1.0,0.0,0.0,mitm,3ea996247988
124.25573248612254,48.33966014078293,67.9,18.525387985140824,0.35,0.0,8.471493088376677,1.0,0.0,0.0,mitm,3ea996247988
122.10001443561755,44.001871333703924,68.6,20.249444436823445,0.0,0.0,8.621060233390992,1.0,0.0,0.0,mitm,3ea996247988
122.14035736887078,44.12151003954768,68.6,20.249444436823445,0.25,0.0,8.618212699086524,1.0,0.0,0.0,mitm,3ea996247988
92.09448099136353,16.321076320716703,69.6,20.88635918488428,0.0,0.0,13.573017476663157,1.0,0.0,0.0,normal,d4765508ad8d
92.22716093063354,16.303720767059254,69.6,20.88635918488428,0.0,0.0,13.553491047395003,1.0,0.0,0.0,normal,d4765508ad8d
97.92677561442058,36.957787713964684,74.1,24.586378342488754,0.0,0.0,11.34634633009902,1.0,0.0,0.0,normal,d4765508ad8d
97.95708126491971,36.796825437922436,74.1,24.586378342488754,0.0,0.0,11.342836033529524,1.0,0.0,0.0,normal,d4765508ad8d
96.63171427590507,37.69820143635477,75.8,26.586211965352767,0.0,0.0,11.087752912769448,1.0,0.0,0.0,normal,d4765508ad8d
96.66826043810163,37.58855035676591,75.8,26.586211965352767,0.0,0.0,11.083561104470538,1.0,0.0,0.0,normal,d4765508ad8d
132.94750452041626,41.71849040435628,69.4,28.345017198795276,0.0,0.0,9.402207318664203,1.0,0.0,0.0,mitm,212056058655
133.0452561378479,41.695055051774496,69.4,28.345017198795276,0.2,0.0,9.395299286017968,1.0,0.0,0.0,mitm,212056058655
116.6164345211453,46.99532818069494,67.7,23.516164653276267,0.0,0.0,9.527911873430162,1.0,0.0,0.0,mitm,212056058655
116.65625042385525,46.99538429485946,67.7,23.516164653276267,0.2,0.0,9.524659905268976,1.0,0.0,0.0,mitm,212056058655
110.84176812853131,43.47735280823885,67.13333333333334,23.88267619472789,0.0,0.0,9.666289067007218,1.0,0.0,0.0,mitm,212056058655
110.87921687534877,43.50419491503819,67.13333333333334,23.88267619472789,0.13333333333333333,0.0,9.66302433965672,1.0,0.0,0.0,mitm,212056058655
98.5492467880249,23.94788646274227,64.0,20.454828280872952,0.0,0.0,12.684013736692428,1.0,0.0,0.0,normal,3c0c01910fa6
98.63972663879395,23.85636276932174,64.0,20.454828280872952,0.0,0.0,12.67237899570971,1.0,0.0,0.0,normal,3c0c01910fa6
125.79433123270671,32.942727862895055,66.1,20.66131651178114,0.0,0.0,8.832759793091698,1.0,0.0,0.0,normal,3c0c01910fa6
125.8496708340115,32.955297683000246,66.1,20.66131651178114,0.0,0.0,8.828875782890231,1.0,0.0,0.0,normal,3c0c01910fa6
136.23329571315222,36.814686391410774,68.13333333333334,18.686418121786268,0.0,0.0,7.864660146551338,1.0,0.0,0.0,normal,3c0c01910fa6
136.24628952571325,36.78684124062931,68.13333333333334,18.686418121786268,0.0,0.0,7.863910093686367,1.0,0.0,0.0,normal,3c0c01910fa6
137.33784775984915,41.45694894861142,73.15,21.183189089464314,0.0,0.0,7.664541101503312,1.0,0.0,0.0,normal,3c0c01910fa6
137.35936817369964,41.46854794757527,73.15,21.183189089464314,0.0,0.0,7.663340279901761,1.0,0.0,0.0,normal,3c0c01910fa6
128.45653295516968,34.6425897574444,73.4,19.365949499056327,0.0,0.0,9.730918087570059,1.0,0.0,0.0,mitm,49155c7c1adc
128.5349726676941,34.62800097614545,73.4,19.365949499056327,0.2,0.0,9.724979700518304,1.0,0.0,0.0,mitm,49155c7c1adc
125.97823143005371,35.63349568189509,75.8,23.68037161870565,0.0,0.0,8.819865928408655,1.0,0.0,0.0,mitm,49155c7c1adc
126.03478961520725,35.709481049838736,75.8,23.68037161870565,0.4,0.0,8.815908008442817,1.0,0.0,0.0,mitm,49155c7c1adc
125.97950867244175,33.511795029881554,74.86666666666666,23.53116137285951,0.0,0.0,8.504784490106115,1.0,0.0,0.0,mitm,49155c7c1adc
125.99120821271624,33.54864396640001,74.86666666666666,23.53116137285951,0.26666666666666666,0.0,8.503994736042484,1.0,0.0,0.0,mitm,49155c7c1adc
123.30705241153115,34.75765328447422,73.15,23.54628420791697,0.0,0.0,8.536669706727421,1.0,0.0,0.0,mitm,49155c7c1adc
123.3343576130114,34.80037825288931,73.15,23.54628420791697,0.2,0.0,8.534779759020847,1.0,0.0,0.0,mitm,49155c7c1adc
152.6142954826355,44.64565283168627,53.0,22.882307575941724,0.0,0.0,8.190582645268806,1.0,0.0,0.0,replay,0c1e67191a0a
151.29244327545166,43.49447002636483,50.4,24.12135982899803,0.0,1.0,8.262144314268086,1.0,0.0,0.0,replay,0c1e67191a0a
124.48353237575955,61.173165536765026,56.7,21.218152605728896,0.0,1.0,8.92576784981622,1.0,0.0,0.0,replay,0c1e67191a0a
142.85257127549914,45.84710629917182,59.3,19.82447981663075,0.0,0.0,7.7780266829658355,1.0,0.0,0.0,replay,0c1e67191a0a
112.76863302503314,53.68000230882918,61.86666666666667,21.083537548418093,0.0,2.0,9.501122277422025,1.0,0.0,0.0,replay,0c1e67191a0a
123.13808713640485,48.09334949072089,63.0,20.5621010599598,0.0,0.0,8.701033094997719,1.0,0.0,0.0,replay,0c1e67191a0a
106.9053474225496,53.803366790052955,64.05,21.207251118426452,0.0,3.0,9.846388457883037,1.0,0.0,0.0,replay,0c1e67191a0a
129.56806233054712,46.32355084374699,67.0,20.591260281974,0.0,0.0,8.124159302945744,1.0,0.0,0.0,replay,0c1e67191a0a
102.71347196478592,42.68343755298348,69.25,19.36201177563943,0.0,3.0,10.24823286382774,1.0,0.0,0.0,replay,0c1e67191a0a
151.35550498962402,24.186529623982217,50.0,11.610340218959994,0.0,1.0,8.258701922243873,1.0,0.0,0.0,replay,0947d1fc430d
167.4715280532837,12.39916556797617,55.8,17.769637024992942,0.0,0.0,7.463955303508623,1.0,0.0,0.0,replay,0947d1fc430d
134.47735044691296,46.81425955878447,57.5,17.431293698403454,0.0,2.0,8.262440533060172,1.0,0.0,0.0,replay,0947d1fc430d
162.0351208580865,20.214480183439925,54.0,16.881943016134134,0.0,0.0,6.85722394766653,1.0,0.0,0.0,replay,0947d1fc430d
129.40243312290735,46.474630515185744,63.86666666666667,21.577354384220097,0.0,3.0,8.279817817729292,1.0,0.0,0.0,replay,0947d1fc430d
158.64271777016776,27.977137586883767,61.13333333333333,19.68033423383748,0.0,0.0,6.753720476352367,1.0,0.0,0.0,replay,0947d1fc430d
127.03342186777215,41.63841436681574,67.0,21.400934559032695,0.0,4.0,8.28625698237935,1.0,0.0,0.0,replay,0947d1fc430d
139.75852727890015,51.458564583349954,75.4,20.509509989270832,0.0,0.0,8.943998082532149,1.0,0.0,0.0,normal,46ae7529ccad
139.9039626121521,51.58278648152621,75.4,20.509509989270832,0.0,0.0,8.93470046638568,1.0,0.0,0.0,normal,46ae7529ccad
128.08643447028265,41.454113108212525,74.7,21.29812198293549,0.0,0.0,8.674697798453435,1.0,0.0,0.0,normal,46ae7529ccad
128.1082100338406,41.536463522709866,74.7,21.29812198293549,0.0,0.0,8.673223291603279,1.0,0.0,0.0,normal,46ae7529ccad
130.99878174918038,41.141986578533185,74.86666666666666,21.774194716580347,0.0,0.0,8.178920117593194,1.0,0.0,0.0,normal,46ae7529ccad
131.02514403206962,41.22928975275594,74.86666666666666,21.774194716580347,0.0,0.0,8.177274517373013,1.0,0.0,0.0,normal,46ae7529ccad
145.42457931920103,43.72612470969368,75.2,23.21766568800576,0.0,0.0,7.238333326286508,1.0,0.0,0.0,normal,46ae7529ccad
145.44473196330824,43.773849178240845,75.2,23.21766568800576,0.0,0.0,7.237330391677018,1.0,0.0,0.0,normal,46ae7529ccad
137.73895564832185,45.82982059996136,73.05,22.72548129303316,0.0,0.0,7.642221287309384,1.0,0.0,0.0,normal,46ae7529ccad
137.74263231377853,45.83980487342325,73.05,22.72548129303316,0.0,0.0,7.642017298968612,1.0,0.0,0.0,normal,46ae7529ccad
138.10862992939195,47.293225387903064,67.6,23.873416177832613,0.0,0.0,7.621765413830594,1.0,0.0,0.0,normal,46ae7529ccad
138.12431536222758,47.292698131860156,67.6,23.873416177832613,0.0,0.0,7.620899884186707,1.0,0.0,0.0,normal,46ae7529ccad
143.50169897079468,32.796412463006575,57.8,23.489572154468885,0.0,0.0,8.71069826326167,1.0,0.0,0.0,normal,39b1c5d0805a
143.6455249786377,32.652401215331466,57.8,23.489572154468885,0.0,0.0,8.701976620475259,1.0,0.0,0.0,normal,39b1c5d0805a
138.60376675923666,33.52535567751799,64.3,25.675085199469155,0.0,0.0,8.016456818530626,1.0,0.0,0.0,normal,39b1c5d0805a
138.6175420549181,33.43852275412586,64.3,25.675085199469155,0.0,0.0,8.015660172872684,1.0,0.0,0.0,normal,39b1c5d0805a
126.20127201080322,40.461279621047936,58.333333333333336,23.234074593626968,0.0,0.0,8.489839716804548,1.0,0.0,0.0,normal,39b1c5d0805a
126.24979019165039,40.467564961310124,58.333333333333336,23.234074593626968,0.0,0.0,8.486577045412238,1.0,0.0,0.0,normal,39b1c5d0805a
127.11925255624871,40.42287905864939,62.85,24.22452269911628,0.0,0.0,8.280662116712744,1.0,0.0,0.0,normal,39b1c5d0805a
127.13742256164551,40.46442237102007,62.85,24.22452269911628,0.0,0.0,8.279478675422855,1.0,0.0,0.0,normal,39b1c5d0805a
132.6862510881926,45.67981531220958,68.1,25.00379971124389,0.0,0.0,7.933237771920435,1.0,0.0,0.0,normal,39b1c5d0805a
132.69669131228798,45.73307183395725,68.1,25.00379971124389,0.0,0.0,7.932613605791485,1.0,0.0,0.0,normal,39b1c5d0805a
134.2941585339998,50.85535106166425,68.85,25.745436488822637,0.0,0.0,7.838252910165631,1.0,0.0,0.0,normal,39b1c5d0805a
134.3183015522204,50.9521533678455,68.85,25.745436488822637,0.0,0.0,7.8368440248488795,1.0,0.0,0.0,normal,39b1c5d0805a
137.58010613290887,47.226086123482865,74.15,25.211654051251774,0.0,0.0,7.651044969615568,1.0,0.0,0.0,normal,39b1c5d0805a
137.6031197999653,47.31901696719598,74.15,25.211654051251774,0.0,0.0,7.649765357628423,1.0,0.0,0.0,normal,39b1c5d0805a
94.2080020904541,18.245208712184823,62.0,24.835458522040618,0.0,0.0,13.268511933835606,1.0,0.0,0.0,normal,a9327731d996
94.35224533081055,18.33103305714049,62.0,24.835458522040618,0.0,0.0,13.24822738046505,1.0,0.0,0.0,normal,a9327731d996
123.3535607655843,46.63918913212022,56.3,20.615770662286675,0.0,0.0,9.007531717893558,1.0,0.0,0.0,normal,a9327731d996
123.37689929538303,46.53602529356376,56.3,20.615770662286675,0.0,0.0,9.005827812635674,1.0,0.0,0.0,normal,a9327731d996
135.84935665130615,44.67621901810955,60.733333333333334,21.13596198162953,0.0,0.0,7.886887342268985,1.0,0.0,0.0,normal,a9327731d996
135.87127413068498,44.61283068776158,60.733333333333334,21.13596198162953,0.0,0.0,7.885615103587237,1.0,0.0,0.0,normal,a9327731d996
133.25647303932593,42.25980391775382,60.35,20.809312819024083,0.0,0.0,7.899290405477876,1.0,0.0,0.0,normal,a9327731d996
133.2740909174869,42.22411283401249,60.35,20.809312819024083,0.0,0.0,7.898246175988379,1.0,0.0,0.0,normal,a9327731d996
136.7902630253842,38.549678649398786,59.7,18.865577118127078,0.0,0.0,7.695223005397916,1.0,0.0,0.0,normal,a9327731d996
136.80283646834525,38.58831558049524,59.7,18.865577118127078,0.0,0.0,7.694515743399345,1.0,0.0,0.0,normal,a9327731d996
133.08031935440866,36.426281214892384,65.15,19.75670772168278,0.0,0.0,7.909746415201227,1.0,0.0,0.0,normal,a9327731d996
133.11406185752466,36.479240151798685,65.15,19.75670772168278,0.0,0.0,7.907741408071722,1.0,0.0,0.0,normal,a9327731d996
151.32445096969604,54.714480954743166,61.2,24.194214184387143,0.0,1.0,8.26039673027013,1.0,0.0,0.0,replay,a56efaebfa27
169.29751634597778,23.99610824867277,66.4,22.22251110923336,0.0,0.0,7.383451494028358,1.0,0.0,0.0,replay,a56efaebfa27
134.31721263461642,54.58523631246624,64.4,18.979989462589277,0.0,2.0,8.272291311863881,1.0,0.0,0.0,replay,a56efaebfa27
146.2686856587728,41.03881747306663,71.2,21.17451298141235,0.0,0.0,7.596370378983233,1.0,0.0,0.0,replay,a56efaebfa27
127.0735604422433,56.9010242605963,66.6,20.63912142832958,0.0,2.0,8.431561748169877,1.0,0.0,0.0,replay,a56efaebfa27
148.54565688541956,36.30308064573396,65.06666666666666,21.656305214776495,0.0,0.0,7.212789615619768,1.0,0.0,0.0,replay,a56efaebfa27
125.53954124450684,28.66956539335413,64.4,16.53602128687551,0.0,0.0,9.957022206775791,1.0,0.0,0.0,normal,e7d75d2dc8cf
125.64432621002197,28.679930091259635,64.4,16.53602128687551,0.0,0.0,9.948718240651397,1.0,0.0,0.0,normal,e7d75d2dc8cf
143.14089881049262,29.197453911635478,67.7,19.005525512334565,0.0,0.0,7.7623594678005725,1.0,0.0,0.0,normal,e7d75d2dc8cf
143.21112632751465,29.206840906928523,67.7,19.005525512334565,0.0,0.0,7.758552981212307,1.0,0.0,0.0,normal,e7d75d2dc8cf
141.88666003090995,37.834032271300146,71.53333333333333,17.37763569137707,0.0,0.0,7.551298840885825,1.0,0.0,0.0,normal,e7d75d2dc8cf
141.94451059613908,37.97747103194933,71.53333333333333,17.37763569137707,0.0,0.0,7.548221251591778,1.0,0.0,0.0,normal,e7d75d2dc8cf
103.90019416809082,41.182588114924584,63.8,19.88366163461851,0.0,0.0,12.030776361954983,1.0,0.0,0.0,mitm,d211f1e08f48
103.96671295166016,41.2646144790978,63.8,19.88366163461851,0.0,0.0,12.023078969335058,1.0,0.0,0.0,mitm,d211f1e08f48
97.99464543660481,41.808830251474845,74.8,21.78439808670416,0.0,0.0,11.338487997590814,1.0,0.0,0.0,mitm,d211f1e08f48
98.03811709086101,41.799864771054985,74.8,21.78439808670416,0.2,0.0,11.333460332386245,1.0,0.0,0.0,mitm,d211f1e08f48
108.47343717302594,40.13030534757754,75.46666666666667,24.396356740755827,0.0,0.0,9.877335865365232,1.0,0.0,0.0,mitm,d211f1e08f48
108.49893093109131,40.11586034163308,75.46666666666667,24.396356740755827,0.3333333333333333,0.0,9.875015009217424,1.0,0.0,0.0,mitm,d211f1e08f48
117.78236690320466,40.825922655273395,76.9,22.183101676726814,0.0,0.0,8.937089707260146,1.0,0.0,0.0,mitm,d211f1e08f48
117.79142680921052,40.81124463969192,76.9,22.183101676726814,0.3,0.0,8.936402312643176,1.0,0.0,0.0,mitm,d211f1e08f48
123.35909040350663,41.35669585104831,75.9,20.897128989409048,0.0,0.0,8.533068584603036,1.0,0.0,0.0,mitm,d211f1e08f48
123.37693415190044,41.35532176156056,75.9,20.897128989409048,0.4,0.0,8.531834464709416,1.0,0.0,0.0,mitm,d211f1e08f48
139.32405020061293,40.23299974670175,73.25,20.940093123002104,0.0,0.0,7.555275470614603,1.0,0.0,0.0,mitm,d211f1e08f48
139.34747796309622,40.20092837883552,73.25,20.940093123002104,0.35,0.0,7.554005241674627,1.0,0.0,0.0,mitm,d211f1e08f48
140.22952318191528,42.920404650231774,72.6,27.28076245268816,0.0,0.0,8.913957429480915,1.0,0.0,0.0,normal,68b9c6172f40
140.26570320129395,42.88467138233949,72.6,27.28076245268816,0.0,0.0,8.911658170680093,1.0,0.0,0.0,normal,68b9c6172f40
133.62924257914224,41.77051220806965,67.4,27.0747114481392,0.0,0.0,8.3148799594,1.0,0.0,0.0,normal,68b9c6172f40
133.66855515374078,41.70293508874961,67.4,27.0747114481392,0.0,0.0,8.312434512613313,1.0,0.0,0.0,normal,68b9c6172f40
135.0297246660505,40.40576243340024,73.2,24.696018572501384,0.0,0.0,7.934760839351341,1.0,0.0,0.0,normal,68b9c6172f40
135.06713935307093,40.30864096302108,73.2,24.696018572501384,0.0,0.0,7.932562846598935,1.0,0.0,0.0,normal,68b9c6172f40
137.01491606862922,39.02604652106706,72.7,23.689871253343696,0.0,0.0,7.682605727540768,1.0,0.0,0.0,normal,68b9c6172f40
137.03725212498716,38.925588301715024,72.7,23.689871253343696,0.0,0.0,7.68135351975168,1.0,0.0,0.0,normal,68b9c6172f40
133.80522476999383,40.37932338049821,65.7,23.375414434828745,0.0,0.0,7.8668944412058845,1.0,0.0,0.0,normal,68b9c6172f40
133.8212113631399,40.29715474910328,65.7,23.375414434828745,0.0,0.0,7.865954643699394,1.0,0.0,0.0,normal,68b9c6172f40
130.08983511673776,38.82751338039394,68.55,20.57541008096801,0.0,0.0,8.091574395515039,1.0,0.0,0.0,normal,68b9c6172f40
130.12425523055228,38.84492921511529,68.55,20.57541008096801,0.0,0.0,8.089434034280012,1.0,0.0,0.0,normal,68b9c6172f40
128.90409168444182,35.52701631392234,63.6,20.2173193079597,0.0,0.0,8.166005944359148,1.0,0.0,0.0,normal,68b9c6172f40
128.91753096329538,35.64870344636879,63.6,20.2173193079597,0.0,0.0,8.165154661913803,1.0,0.0,0.0,normal,68b9c6172f40
130.09697198867798,43.13296622505358,62.0,22.262075374951007,0.0,0.0,9.608217477258306,1.0,0.0,0.0,normal,cfa795c48389
130.2112340927124,43.17908435861329,62.0,22.262075374951007,0.0,0.0,9.59978613757689,1.0,0.0,0.0,normal,cfa795c48389
140.60354232788086,34.67018114968222,63.7,19.97022784046291,0.0,0.0,7.902440384610312,1.0,0.0,0.0,normal,cfa795c48389
140.67800839742026,34.59917805663418,63.7,19.97022784046291,0.0,0.0,7.898257330827316,1.0,0.0,0.0,normal,cfa795c48389
145.73899337223597,36.09332281341358,70.0,21.92715211786519,0.0,0.0,7.351694605794389,1.0,0.0,0.0,normal,cfa795c48389
145.77921799251013,36.00898128412851,70.0,21.92715211786519,0.0,0.0,7.349666064772138,1.0,0.0,0.0,normal,cfa795c48389
143.78705777620016,41.86629903559522,70.45,23.825354142173836,0.0,0.0,7.32076721804653,1.0,0.0,0.0,normal,cfa795c48389
143.8030569176925,41.806172923609786,70.45,23.825354142173836,0.0,0.0,7.319952729168028,1.0,0.0,0.0,normal,cfa795c48389
141.46995544433594,43.99300964632987,70.2,22.094343167426363,0.0,0.0,7.44067230134632,1.0,0.0,0.0,normal,cfa795c48389
141.50022205553557,43.97005284594121,70.2,22.094343167426363,0.0,0.0,7.439080756595809,1.0,0.0,0.0,normal,cfa795c48389
133.8453167363217,47.618846195235804,65.55,23.329112713517418,0.0,0.0,7.864537995162554,1.0,0.0,0.0,normal,cfa795c48389
133.86884488557516,47.65964614673873,65.55,23.329112713517418,0.0,0.0,7.863155761500063,1.0,0.0,0.0,normal,cfa795c48389
136.67899370193481,36.870310183985545,83.8,24.127992042439008,0.0,0.0,9.145516557767174,1.0,0.0,0.0,normal,60f3e8fcb040
136.81721687316895,36.88026346536905,83.8,24.127992042439008,0.0,0.0,9.136277060501557,1.0,0.0,0.0,normal,60f3e8fcb040
125.25298860337999,51.02280124605209,74.7,25.10796686312932,0.0,0.0,8.870934925389296,1.0,0.0,0.0,normal,60f3e8fcb040
125.33089849683974,51.18859829386152,74.7,25.10796686312932,0.0,0.0,8.865420454470994,1.0,0.0,0.0,normal,60f3e8fcb040
116.4555719920567,44.69742406307803,72.73333333333333,22.179469986654073,0.0,0.0,9.200320371975437,1.0,0.0,0.0,normal,60f3e8fcb040
116.5088585444859,44.79992109430666,72.73333333333333,22.179469986654073,0.0,0.0,9.1961125086422,1.0,0.0,0.0,normal,60f3e8fcb040
113.34072916131271,44.24589445273409,68.9,23.08007798946962,0.0,0.0,9.287319631138121,1.0,0.0,0.0,normal,60f3e8fcb040
113.35283831546181,44.351913961903314,68.9,23.08007798946962,0.0,0.0,9.286327493784379,1.0,0.0,0.0,normal,60f3e8fcb040
140.30349254608154,27.43071540925764,78.6,25.295058806019803,0.0,0.0,8.909257904534684,1.0,0.0,0.0,normal,3758a481dcda
140.40648937225342,27.487988820400755,78.6,25.295058806019803,0.0,0.0,8.902722413961445,1.0,0.0,0.0,normal,3758a481dcda
128.78277566697864,33.54800440968318,69.7,26.27184805071771,0.0,0.0,8.627792850065218,1.0,0.0,0.0,normal,3758a481dcda
128.8321018218994,33.62583488854944,69.7,26.27184805071771,0.0,0.0,8.62448951308066,1.0,0.0,0.0,normal,3758a481dcda
128.40649059840612,38.12779600385166,61.2,25.201058178841087,0.0,0.0,8.344037489346904,1.0,0.0,0.0,normal,3758a481dcda
128.42869758605957,38.14246602962676,61.2,25.201058178841087,0.0,0.0,8.342594697034993,1.0,0.0,0.0,normal,3758a481dcda
137.14241981506348,47.351666765405156,81.8,18.148278155241066,0.0,0.0,9.114612398451367,1.0,0.0,0.0,normal,3751d4801584
137.23528385162354,47.43877902750325,81.8,18.148278155241066,0.0,0.0,9.10844474480396,1.0,0.0,0.0,normal,3751d4801584
117.2523233625624,51.459792231399355,70.6,20.16035713969373,0.0,0.0,9.476239610838098,1.0,0.0,0.0,normal,3751d4801584
117.28999349806044,51.55684374162279,70.6,20.16035713969373,0.0,0.0,9.473196118213485,1.0,0.0,0.0,normal,3751d4801584
124.83842032296317,52.252909680461535,69.46666666666667,19.47602514774397,0.0,0.0,8.582522661346825,1.0,0.0,0.0,normal,3751d4801584
124.8582090650286,52.30056212703024,69.46666666666667,19.47602514774397,0.0,0.0,8.581162419769695,1.0,0.0,0.0,normal,3751d4801584
140.56050777435303,46.99851301440281,69.0,25.667099563448925,0.0,0.0,8.892967304918043,1.0,0.0,0.0,mitm,6e2e35cfc1c4
140.6087875366211,47.04206263729598,69.0,25.667099563448925,0.2,0.0,8.889913794857534,1.0,0.0,0.0,mitm,6e2e35cfc1c4
125.95269415113661,43.5503958501536,68.1,24.99379923100928,0.0,0.0,8.821654182147435,1.0,0.0,0.0,mitm,6e2e35cfc1c4
125.98411242167155,43.58585385125765,68.1,24.99379923100928,0.2,0.0,8.819454213339204,1.0,0.0,0.0,mitm,6e2e35cfc1c4
126.91879272460938,39.40293417704809,62.46666666666667,24.63024337859634,0.0,0.0,8.441843389996436,1.0,0.0,0.0,mitm,6e2e35cfc1c4
126.94529124668666,39.42314630135007,62.46666666666667,24.63024337859634,0.2,0.0,8.440081242135369,1.0,0.0,0.0,mitm,6e2e35cfc1c4
120.1120050329911,40.72570723954379,63.0,22.893230440459906,0.0,0.0,8.763749957035873,1.0,0.0,0.0,mitm,6e2e35cfc1c4
120.12231977362381,40.77276510711857,63.0,22.893230440459906,0.25,0.0,8.762997425716572,1.0,0.0,0.0,mitm,6e2e35cfc1c4
